distance_km,weather_severity,road_type,cargo_weight_kg,driver_experience_yrs,departure_hour,is_delayed,season_fall,season_spring,season_summer,season_winter
0.13618157543391188,3,0,0.9137081879745537,0.5517241379310345,0.11764705882352938,0,0,0,1,0
0.5807743658210948,2,0,0.2245023599425405,0.5862068965517241,0.29411764705882354,0,0,1,0,0
0.3604806408544726,3,0,0.38615842396880773,0.0,0.411764705882353,0,0,1,0,0
0.14152202937249667,2,1,0.1574492099322799,0.6206896551724138,0.7647058823529411,0,0,1,0,0
0.09479305740987984,5,1,0.8689205828032013,0.7241379310344828,0.5294117647058822,1,0,0,1,0
0.9345794392523364,2,1,0.9206341063000205,0.9655172413793103,0.11764705882352938,1,0,0,0,1
0.0267022696929239,4,1,0.5997332238867228,0.24137931034482757,0.29411764705882354,0,0,1,0,0
0.8197596795727636,1,0,0.05325261645803406,0.06896551724137931,0.8235294117647058,0,0,0,0,1
0.16154873164218958,1,1,0.13769751693002258,0.8620689655172413,1.0,1,0,0,0,1
0.6221628838451267,5,0,0.6497024420274985,0.8275862068965517,0.7647058823529411,1,1,0,0,0
0.2857142857142857,4,0,0.13087420480197004,0.8620689655172413,0.5294117647058822,0,0,0,1,0
0.4405874499332443,3,0,0.09116560640262672,0.13793103448275862,0.8235294117647058,0,0,0,1,0
0.6114819759679573,4,1,0.6763800533552227,0.7586206896551724,0.1764705882352941,0,1,0,0,0
0.11615487316421896,1,1,0.8442950954237636,0.24137931034482757,0.05882352941176472,0,1,0,0,0
0.4966622162883845,1,0,0.2593371639647034,0.6206896551724138,0.11764705882352938,0,0,0,0,1
0.1321762349799733,4,0,0.9609583418838498,0.5862068965517241,0.35294117647058826,0,0,1,0,0
0.8851802403204272,4,1,0.9827108557356865,0.5862068965517241,0.8823529411764706,1,0,0,1,0
0.17356475300400534,1,0,0.11594500307818592,0.6896551724137931,0.5294117647058822,0,0,1,0,0
0.8825100133511348,3,1,0.5287297352760106,0.0,0.9411764705882353,1,0,1,0,0
0.4112149532710281,5,1,0.860558177713934,0.48275862068965514,0.23529411764705882,0,1,0,0,0
0.4579439252336448,5,0,0.8972911963882618,0.5862068965517241,0.7058823529411764,0,0,1,0,0
0.6555407209612817,4,0,0.26605786989534164,0.9655172413793103,0.7058823529411764,1,0,0,0,1
0.5514018691588785,5,1,0.4514672686230248,0.8275862068965517,0.588235294117647,1,1,0,0,0
0.514018691588785,1,1,0.2593371639647034,0.20689655172413793,0.588235294117647,1,0,1,0,0
0.2550066755674232,1,0,0.205007182433819,0.5172413793103449,0.8823529411764706,0,1,0,0,0
0.3684913217623498,4,1,0.4546480607428689,0.5172413793103449,0.8235294117647058,1,0,0,0,1
0.21361815754339117,4,0,0.18853888774882002,0.48275862068965514,0.9411764705882353,0,0,0,0,1
0.6128170894526034,4,0,0.2972501539092961,0.1724137931034483,1.0,0,0,1,0,0
0.417890520694259,3,1,0.7412271701210753,0.27586206896551724,0.1764705882352941,1,1,0,0,0
0.028037383177570097,5,1,0.32633901087625694,0.20689655172413793,0.23529411764705882,1,0,1,0,0
0.33644859813084116,4,0,0.4166324646008619,0.4482758620689655,0.35294117647058826,0,0,1,0,0
0.9973297730307075,2,1,0.4217114713728709,0.3448275862068966,0.05882352941176472,1,1,0,0,0
0.7476635514018691,2,0,0.7003899035501744,0.6896551724137931,0.0,0,0,1,0,0
0.6328437917222963,1,0,0.9122717012107531,0.5172413793103449,0.6470588235294117,1,0,0,0,1
0.07743658210947932,5,0,0.2087523086394418,0.8275862068965517,0.5294117647058822,0,1,0,0,0
0.6809078771695594,4,1,0.4517750872152678,0.1724137931034483,0.411764705882353,1,1,0,0,0
0.9092122830440587,2,0,0.14282782680073877,0.7241379310344828,0.0,1,1,0,0,0
0.6341789052069425,5,0,0.044531089677816535,0.896551724137931,0.6470588235294117,0,1,0,0,0
0.9332443257676902,1,0,0.21516519597783706,0.5172413793103449,0.05882352941176472,1,0,1,0,0
0.25233644859813087,3,1,0.6050687461522676,0.6551724137931034,0.5294117647058822,0,0,1,0,0
0.9158878504672897,5,1,0.14041658116150216,0.9655172413793103,0.9411764705882353,1,0,0,0,1
0.7503337783711616,5,1,0.04812230658731788,0.5172413793103449,0.11764705882352938,1,0,0,1,0
0.7556742323097463,3,0,0.017340447363020726,0.3793103448275862,0.35294117647058826,1,0,0,1,0
0.32443257676902537,5,1,0.21193310075928584,0.5517241379310345,0.6470588235294117,1,0,0,0,1
0.6728971962616822,1,0,0.8742561050687462,0.13793103448275862,0.411764705882353,0,0,0,1,0
0.17356475300400534,1,1,0.5244715780833162,0.896551724137931,0.6470588235294117,0,0,0,0,1
0.6461949265687583,3,1,0.5002052123948286,0.8275862068965517,0.11764705882352938,1,0,1,0,0
0.8624833110814418,4,0,0.1772522060332444,0.41379310344827586,0.9411764705882353,1,1,0,0,0
0.0267022696929239,2,1,0.5051303098707162,0.24137931034482757,0.4705882352941176,1,1,0,0,0
0.22162883845126838,4,0,0.9930740816745331,0.7931034482758621,0.5294117647058822,0,0,1,0,0
0.36448598130841126,5,0,0.47398932895546886,0.13793103448275862,0.29411764705882354,0,1,0,0,0
0.5166889185580774,2,0,0.023137697516930025,0.3793103448275862,0.0,0,1,0,0,0
0.8010680907877169,3,0,0.50759285860866,0.27586206896551724,0.6470588235294117,0,0,0,1,0
0.42056074766355134,3,0,0.5630002052123948,0.06896551724137931,0.23529411764705882,0,0,1,0,0
0.017356475300400534,2,1,0.8141801764826595,0.06896551724137931,0.7058823529411764,0,0,0,1,0
0.32176234979973295,1,0,0.041863328545044126,0.0,0.8235294117647058,0,0,0,1,0
0.4606141522029372,2,1,0.24964087830904988,0.8275862068965517,0.588235294117647,0,1,0,0,0
0.7530040053404539,5,0,0.8410630002052124,0.7241379310344828,0.411764705882353,1,1,0,0,0
0.45260347129506007,1,0,0.6243074081674533,0.5862068965517241,0.23529411764705882,0,0,1,0,0
0.12149532710280372,3,1,0.04709624461317463,0.7931034482758621,0.05882352941176472,0,1,0,0,0
0.4886515353805073,2,0,0.964498255694644,0.3793103448275862,0.6470588235294117,0,1,0,0,0
0.6061415220293724,4,0,0.4875846501128668,0.27586206896551724,0.05882352941176472,1,0,1,0,0
0.5700934579439252,4,1,0.3320849579314591,0.27586206896551724,0.8823529411764706,1,1,0,0,0
0.6782376502002669,5,0,0.10337574389493126,0.5862068965517241,0.11764705882352938,1,0,0,1,0
0.04539385847797063,4,0,0.408116150215473,0.5862068965517241,0.5294117647058822,0,0,1,0,0
0.2736982643524699,2,0,0.8325466858198235,0.9655172413793103,0.411764705882353,0,1,0,0,0
0.1068090787716956,2,1,0.4831725836240509,0.20689655172413793,0.35294117647058826,0,0,0,0,1
0.7489986648865153,4,1,0.24574184280730557,0.896551724137931,0.0,0,0,1,0,0
0.5166889185580774,2,1,0.678996511389288,0.10344827586206896,0.6470588235294117,0,0,1,0,0
0.001335113484646197,5,1,0.9653191052739585,0.41379310344827586,0.23529411764705882,1,0,0,0,1
0.5193591455273698,1,0,0.8336240508926739,0.5517241379310345,0.8823529411764706,1,1,0,0,0
0.7543391188251001,5,0,0.9875846501128669,0.7931034482758621,0.1764705882352941,0,1,0,0,0
0.14018691588785046,5,1,0.5491996716601683,0.034482758620689655,0.9411764705882353,1,0,1,0,0
0.6355140186915887,2,0,0.0736712497434845,0.4482758620689655,0.05882352941176472,0,0,1,0,0
0.9372496662216289,1,0,0.18166427252206033,0.06896551724137931,0.6470588235294117,0,1,0,0,0
0.5353805073431241,2,0,0.5830597168068952,0.13793103448275862,0.0,0,1,0,0,0
0.9732977303070761,3,0,0.9318181818181818,0.4482758620689655,0.6470588235294117,0,0,0,1,0
0.7409879839786382,2,1,0.7961214857377386,0.06896551724137931,0.6470588235294117,0,0,1,0,0
0.21495327102803738,2,0,0.3253129489021137,0.7586206896551724,0.6470588235294117,0,0,1,0,0
0.2683578104138852,2,0,0.11599630617689308,0.20689655172413793,0.9411764705882353,0,0,0,0,1
0.3591455273698264,1,0,0.5211881797660579,1.0,0.588235294117647,0,0,0,1,0
0.3604806408544726,2,1,0.01072234762979684,0.5862068965517241,0.7058823529411764,1,1,0,0,0
0.6074766355140186,1,0,0.7083418838497845,0.41379310344827586,0.411764705882353,0,0,0,1,0
0.6154873164218958,4,0,0.36040426841781237,0.9655172413793103,0.5294117647058822,1,1,0,0,0
0.9692923898531375,3,1,0.016878719474656266,0.7586206896551724,0.411764705882353,0,1,0,0,0
0.33511348464619495,1,1,0.4189924071413913,0.896551724137931,0.411764705882353,0,0,0,1,0
0.9359145527369827,4,0,0.46844859429509544,0.7241379310344828,0.4705882352941176,0,0,1,0,0
0.39385847797062745,1,0,0.7484609070387851,0.3103448275862069,0.35294117647058826,0,1,0,0,0
0.9666221628838451,1,0,0.8271598604555715,0.8275862068965517,0.7647058823529411,1,0,0,1,0
0.959946595460614,3,0,0.03719474656269238,0.41379310344827586,0.05882352941176472,1,0,0,0,1
0.9986648865153537,5,0,0.5670018469115534,0.5172413793103449,0.588235294117647,0,0,0,1,0
0.44993324432576765,5,0,0.16627334290991175,0.27586206896551724,0.411764705882353,1,0,0,0,1
0.06942590120160214,1,0,0.8736917709829674,0.034482758620689655,0.7058823529411764,0,1,0,0,0
0.2883845126835781,2,0,0.26128668171557556,0.7586206896551724,0.8235294117647058,0,0,0,1,0
0.24966622162883842,4,1,0.7083418838497845,0.13793103448275862,0.11764705882352938,1,0,0,1,0
0.5060080106809078,2,1,0.5605889595731582,0.9655172413793103,0.7647058823529411,1,0,0,0,1
0.6568758344459279,2,1,0.7613379848142827,0.7241379310344828,0.8235294117647058,0,0,0,1,0
0.0534045393858478,1,0,0.8922121896162528,0.5517241379310345,0.05882352941176472,0,0,0,1,0
0.20827770360480638,1,0,0.07941719679868664,0.7586206896551724,0.6470588235294117,0,1,0,0,0
0.01869158878504673,1,1,0.461368766673507,0.7241379310344828,0.1764705882352941,0,0,0,1,0
0.08544726301735647,1,0,0.7779601887954032,0.10344827586206896,0.11764705882352938,0,0,1,0,0
0.6942590120160214,5,0,0.38426020931664273,0.5517241379310345,0.23529411764705882,0,0,0,0,1
0.4579439252336448,1,0,0.6412374307408167,0.27586206896551724,0.11764705882352938,0,0,0,1,0
0.17089452603471295,5,1,0.7985327313769751,0.6551724137931034,0.8235294117647058,1,0,0,0,1
0.863818424566088,5,1,0.6804329981530884,0.034482758620689655,0.05882352941176472,1,0,0,0,1
0.6288384512683578,1,0,0.2781654011902319,0.7931034482758621,0.6470588235294117,0,0,0,0,1
0.08277703604806408,3,0,0.7225528421916684,0.5862068965517241,0.23529411764705882,0,0,0,1,0
0.18424566088117492,4,1,0.16206648881592448,0.6896551724137931,0.9411764705882353,0,0,0,1,0
0.664886515353805,2,0,0.4726554483890827,0.896551724137931,0.7647058823529411,0,0,0,0,1
0.7903871829105473,5,1,0.33936999794787603,0.7241379310344828,0.5294117647058822,1,0,1,0,0
0.5220293724966621,4,1,0.6117381489841986,0.3448275862068966,0.11764705882352938,1,0,0,0,1
0.8998664886515353,3,1,0.7741637594910733,0.41379310344827586,0.1764705882352941,0,0,1,0,0
0.5580774365821094,2,0,0.8289554689103221,0.24137931034482757,0.29411764705882354,0,0,0,0,1
0.3845126835781041,2,0,0.9007798071003489,0.896551724137931,0.8823529411764706,0,1,0,0,0
0.5046728971962616,5,0,0.8021752513851836,0.0,0.35294117647058826,0,0,0,0,1
0.6528704939919893,1,1,0.11445721321567823,0.5517241379310345,0.8235294117647058,1,0,0,0,1
0.30707610146862485,3,1,0.24102195772624666,0.3793103448275862,0.588235294117647,1,0,0,1,0
0.0534045393858478,5,0,0.5656166632464601,0.10344827586206896,0.0,0,0,1,0,0
0.036048064085447265,3,0,0.4031397496408783,0.6896551724137931,0.23529411764705882,0,1,0,0,0
0.17890520694259013,1,1,0.38600451467268626,0.41379310344827586,0.7058823529411764,0,0,1,0,0
0.26702269692923897,1,1,0.28509131951569877,0.9655172413793103,0.7647058823529411,0,1,0,0,0
0.042723631508678236,5,1,0.34526985429919965,0.27586206896551724,0.4705882352941176,1,0,0,0,1
0.06275033377837116,1,0,0.12882208085368355,0.896551724137931,0.9411764705882353,0,0,0,1,0
0.6702269692923898,4,0,0.4016006566796634,1.0,0.8235294117647058,1,0,0,1,0
0.5420560747663551,2,1,0.7582084957931459,0.20689655172413793,0.35294117647058826,0,0,1,0,0
0.7650200267022697,5,1,0.4057049045762364,0.7586206896551724,0.6470588235294117,0,0,0,1,0
0.9706275033377837,3,0,0.8128975990149805,0.7931034482758621,0.29411764705882354,0,0,1,0,0
0.1308411214953271,4,0,0.28970859839934326,0.13793103448275862,0.8823529411764706,0,0,1,0,0
0.9118825100133511,5,0,0.8966755592037758,0.13793103448275862,0.23529411764705882,1,1,0,0,0
0.9679572763684913,1,0,0.4677816540119023,0.5517241379310345,0.4705882352941176,0,0,1,0,0
0.7289719626168224,1,0,0.09998973938025857,1.0,0.7647058823529411,0,1,0,0,0
0.9853137516688918,1,1,0.5213933921608865,0.27586206896551724,0.411764705882353,0,0,0,1,0
0.8170894526034712,1,0,0.7361994664477735,0.1724137931034483,0.7647058823529411,1,0,1,0,0
0.6154873164218958,3,1,0.4998973938025857,0.8275862068965517,0.6470588235294117,0,0,1,0,0
0.8571428571428571,4,0,0.5626923866201519,0.6206896551724138,0.5294117647058822,1,0,0,0,1
0.005340453938584788,2,1,0.47116765852657494,0.5172413793103449,0.7058823529411764,0,0,1,0,0
0.28971962616822433,3,1,0.4515698748204391,0.6896551724137931,0.8235294117647058,0,0,1,0,0
0.6702269692923898,3,0,0.03042273753334701,0.034482758620689655,0.411764705882353,1,0,0,0,1
0.5300400534045393,2,0,0.40390929612148574,0.3103448275862069,0.5294117647058822,0,0,0,0,1
0.5233644859813084,2,0,0.3062794992817566,0.5172413793103449,0.11764705882352938,0,0,0,1,0
0.2750333778371161,1,0,0.8146932074697312,0.13793103448275862,0.11764705882352938,1,0,1,0,0
0.01869158878504673,3,1,0.04391545249333059,0.48275862068965514,0.23529411764705882,0,0,0,1,0
0.7383177570093458,5,1,0.2830391955674123,0.41379310344827586,0.8823529411764706,0,0,0,1,0
0.6141522029372496,2,0,0.5119023189000615,0.41379310344827586,0.9411764705882353,0,0,0,0,1
0.9212283044058744,2,0,0.22137287092140365,0.41379310344827586,0.29411764705882354,0,1,0,0,0
0.7663551401869159,4,0,0.6229222245023599,0.48275862068965514,0.8823529411764706,1,0,0,1,0
0.9906542056074766,5,1,0.660630002052124,0.4482758620689655,0.05882352941176472,1,1,0,0,0
0.32042723631508674,5,0,0.05273958547096244,0.24137931034482757,0.8235294117647058,0,0,1,0,0
0.7516688918558077,2,0,0.4866098912374307,0.3448275862068966,1.0,1,0,0,0,1
0.1268357810413885,1,1,0.6824851221013749,0.5862068965517241,0.0,0,0,1,0,0
0.9786381842456607,4,1,0.5260106710445311,0.7931034482758621,0.6470588235294117,1,0,1,0,0
0.6461949265687583,5,0,0.07413297763184896,0.10344827586206896,0.411764705882353,1,0,0,0,1
0.5420560747663551,2,1,0.5250872152678022,0.8620689655172413,0.29411764705882354,0,0,1,0,0
0.30707610146862485,5,0,0.14611122511799712,0.3103448275862069,0.6470588235294117,1,0,0,0,1
0.9986648865153537,4,0,0.613123332649292,0.0,0.35294117647058826,1,1,0,0,0
0.8731642189586114,4,1,0.41576031192284013,0.9655172413793103,1.0,1,0,1,0,0
0.2269692923898531,3,1,0.5129283808742048,0.13793103448275862,0.7647058823529411,0,0,0,0,1
0.7209612817089452,2,0,0.4874307408167453,0.41379310344827586,0.411764705882353,0,0,0,1,0
0.04672897196261683,4,0,0.7947363020726452,0.0,0.7647058823529411,1,0,1,0,0
0.6995994659546061,3,0,0.20793145906012722,0.7586206896551724,0.23529411764705882,0,1,0,0,0
0.212283044058745,3,0,0.27703673301867426,0.24137931034482757,0.4705882352941176,0,0,0,0,1
0.931909212283044,5,0,0.47604145290375544,0.06896551724137931,0.411764705882353,0,0,1,0,0
0.32309746328437916,5,0,0.08567617484096039,0.06896551724137931,0.05882352941176472,1,0,1,0,0
0.11348464619492657,3,0,0.23240303714344343,0.20689655172413793,0.8823529411764706,0,0,1,0,0
0.7703604806408544,5,1,0.25251385183665087,0.10344827586206896,0.7058823529411764,1,1,0,0,0
0.9092122830440587,4,1,0.7832444079622409,0.06896551724137931,0.35294117647058826,1,0,0,0,1
0.7423230974632843,1,1,0.643546070182639,0.48275862068965514,0.8823529411764706,1,0,0,1,0
0.7650200267022697,4,0,0.3120767494356659,0.24137931034482757,0.35294117647058826,1,0,0,1,0
0.8611481975967957,3,1,0.6355427867843217,0.06896551724137931,0.7647058823529411,0,0,0,1,0
0.036048064085447265,3,1,0.6812025446336959,0.9655172413793103,0.7647058823529411,0,0,0,0,1
0.8264352469959946,4,1,0.2494356659142212,1.0,0.6470588235294117,1,0,0,1,0
0.7409879839786382,5,1,0.477837061358506,0.20689655172413793,0.0,1,1,0,0,0
0.45260347129506007,5,1,0.06253847732403037,0.5862068965517241,0.0,0,0,0,0,1
0.4405874499332443,3,0,0.14662425610506874,0.3448275862068966,0.6470588235294117,0,0,1,0,0
0.8531375166889185,2,0,0.5489431561666325,0.3448275862068966,0.8235294117647058,1,1,0,0,0
0.6742323097463284,5,1,0.4322799097065463,0.5517241379310345,0.1764705882352941,1,0,1,0,0
0.46328437917222964,4,1,0.7891955674122717,0.9310344827586207,0.35294117647058826,1,0,0,1,0
0.630173564753004,5,1,0.47886312333264924,0.1724137931034483,0.8823529411764706,1,1,0,0,0
0.30707610146862485,4,0,0.16678637389698336,0.24137931034482757,0.11764705882352938,1,0,0,0,1
0.25233644859813087,3,0,0.19392571311307202,0.0,0.35294117647058826,0,1,0,0,0
0.2990654205607477,5,0,0.8797455366304124,0.9655172413793103,0.29411764705882354,1,0,1,0,0
0.5126835781041388,4,1,0.9779909706546275,0.3103448275862069,0.8823529411764706,0,0,0,0,1
0.5020026702269692,3,0,0.8383439359737328,0.9310344827586207,0.411764705882353,0,1,0,0,0
0.37650200267022693,2,0,0.977170121075313,0.8275862068965517,0.29411764705882354,0,1,0,0,0
0.8437917222963951,4,0,0.5104145290375539,0.6206896551724138,0.5294117647058822,0,1,0,0,0
0.8371161548731642,2,0,0.8345475066694028,0.06896551724137931,0.8823529411764706,0,1,0,0,0
0.9933244325767691,2,1,0.7472296326698132,0.10344827586206896,0.588235294117647,0,0,0,0,1
0.3444592790387183,1,1,0.5992714959983583,0.3448275862068966,0.7058823529411764,1,0,1,0,0
0.47797062750333774,5,1,0.18012517956084548,0.48275862068965514,0.29411764705882354,1,1,0,0,0
0.9465954606141521,4,0,0.8658423968807716,0.0,0.0,1,0,0,0,1
0.6074766355140186,2,1,0.6840242150625898,0.27586206896551724,0.6470588235294117,0,0,1,0,0
0.5473965287049399,1,0,0.583316232300431,0.3448275862068966,0.29411764705882354,0,1,0,0,0
0.8651535380507342,3,1,0.29858403447568227,0.6206896551724138,1.0,0,0,1,0,0
0.42323097463284376,4,0,0.7610814693207469,0.41379310344827586,0.7058823529411764,0,0,1,0,0
0.9025367156208277,2,0,0.6217935563308024,0.8620689655172413,0.35294117647058826,0,0,0,0,1
0.2990654205607477,5,1,0.10619741432382515,0.5172413793103449,0.7058823529411764,1,0,1,0,0
0.3110814419225634,1,1,0.4374615226759696,0.10344827586206896,0.411764705882353,1,0,0,0,1
0.9118825100133511,2,0,0.9715267802175251,0.0,0.9411764705882353,0,1,0,0,0
0.8851802403204272,5,1,0.30561255899856354,0.6551724137931034,0.4705882352941176,0,0,1,0,0
0.4979973297730307,2,0,0.46711471372870916,0.41379310344827586,0.7058823529411764,0,0,1,0,0
0.8958611481975968,4,0,0.30735686435460696,0.0,0.05882352941176472,1,0,0,1,0
0.8104138851802403,4,0,0.2574902524112457,0.13793103448275862,0.1764705882352941,1,1,0,0,0
0.6288384512683578,4,0,0.9895854709624461,0.13793103448275862,0.05882352941176472,0,1,0,0,0
0.30974632843791716,1,0,0.9899445926533963,0.4482758620689655,0.1764705882352941,1,0,0,1,0
0.9225634178905207,4,0,0.694849168889801,0.896551724137931,1.0,1,0,0,1,0
0.14953271028037382,5,0,0.5218551200492509,0.7586206896551724,0.23529411764705882,1,0,0,0,1
0.6622162883845126,2,1,0.8278268007387646,0.4482758620689655,0.5294117647058822,0,0,0,0,1
0.5887850467289719,3,0,0.6031705315001026,0.24137931034482757,1.0,1,0,1,0,0
0.7516688918558077,5,1,0.4713728709214037,0.10344827586206896,0.5294117647058822,1,0,1,0,0
0.356475300400534,5,0,0.6609891237430741,0.20689655172413793,0.23529411764705882,0,0,1,0,0
0.6795727636849132,4,1,0.8607120870100554,0.6551724137931034,0.9411764705882353,1,0,1,0,0
0.514018691588785,1,0,0.8885696696080443,0.6206896551724138,0.7058823529411764,0,0,0,0,1
0.5153538050734312,2,0,0.5041042478965729,0.48275862068965514,0.9411764705882353,0,1,0,0,0
0.14953271028037382,1,0,0.12866817155756208,0.7241379310344828,0.4705882352941176,0,0,1,0,0
0.8170894526034712,2,0,0.9250461727888364,0.10344827586206896,0.6470588235294117,0,1,0,0,0
0.8331108144192256,2,0,0.17612353786168683,1.0,0.7647058823529411,0,0,1,0,0
0.1068090787716956,1,1,0.16411861276421094,0.6206896551724138,0.7647058823529411,0,0,0,1,0
0.931909212283044,5,1,0.7772932485122102,0.27586206896551724,0.411764705882353,1,0,1,0,0
0.14953271028037382,2,1,0.002872973527601068,0.6896551724137931,0.23529411764705882,0,0,1,0,0
0.001335113484646197,1,1,0.5704904576236405,0.41379310344827586,0.7647058823529411,1,0,1,0,0
0.8558077436582109,2,0,0.1523189000615637,0.4482758620689655,0.4705882352941176,0,0,0,0,1
0.29238985313751664,3,0,0.49851221013749236,0.7586206896551724,0.35294117647058826,0,0,0,1,0
0.7543391188251001,5,0,0.7190129283808742,0.9310344827586207,0.411764705882353,1,0,1,0,0
0.9813084112149532,4,0,0.4264313564539298,0.4482758620689655,0.7647058823529411,0,0,1,0,0
0.2990654205607477,2,0,0.4938436281551406,0.7241379310344828,0.7647058823529411,0,1,0,0,0
0.5126835781041388,3,0,0.47978657910937816,0.3103448275862069,0.588235294117647,0,0,0,1,0
0.5367156208277704,4,0,0.5894726041452903,0.5172413793103449,0.7647058823529411,0,0,1,0,0
0.8504672897196262,4,0,0.17150625897804225,0.13793103448275862,0.411764705882353,0,1,0,0,0
0.17222963951935916,2,1,0.9679868664067309,0.7586206896551724,0.11764705882352938,0,1,0,0,0
0.06942590120160214,1,1,0.7877590806484711,0.896551724137931,1.0,1,0,0,0,1
0.9118825100133511,2,0,0.02867843217730351,0.1724137931034483,0.11764705882352938,0,1,0,0,0
0.9732977303070761,3,1,0.32110609480812635,0.8620689655172413,0.7058823529411764,1,0,1,0,0
0.8958611481975968,4,1,0.08901087625692591,0.034482758620689655,0.6470588235294117,1,0,0,0,1
0.9465954606141521,2,0,0.46655037964293045,0.41379310344827586,0.8235294117647058,0,0,0,0,1
0.5540720961281709,1,0,0.6505232916068131,0.9655172413793103,1.0,0,0,1,0,0
0.3284379172229639,2,0,0.6013236199466447,0.41379310344827586,0.23529411764705882,0,0,0,1,0
0.5847797062750333,5,1,0.6205622819618305,0.6206896551724138,0.35294117647058826,0,1,0,0,0
0.2696929238985314,1,1,0.46808947260414524,0.5862068965517241,0.588235294117647,1,0,0,0,1
0.2443257676902537,3,0,0.6867945823927765,0.9310344827586207,0.588235294117647,0,0,0,1,0
0.1628838451268358,4,0,0.423968807715986,0.6206896551724138,0.8235294117647058,0,0,1,0,0
0.5340453938584779,2,0,0.014980504822491282,0.0,0.5294117647058822,0,1,0,0,0
0.39118825100133514,1,0,0.586497024420275,0.24137931034482757,0.8235294117647058,0,1,0,0,0
0.3724966622162884,5,0,0.2733429099117587,0.7241379310344828,0.7058823529411764,0,0,0,0,1
0.8130841121495327,1,1,0.23871331828442435,0.5172413793103449,0.7647058823529411,0,1,0,0,0
0.26301735647530045,5,1,0.897342499486969,0.9655172413793103,0.9411764705882353,1,1,0,0,0
0.6809078771695594,3,1,0.690437102400985,0.034482758620689655,0.7058823529411764,0,1,0,0,0
0.19092122830440586,4,1,0.19336137902729325,0.24137931034482757,0.5294117647058822,1,1,0,0,0
0.8117489986648865,3,1,0.43920582803201313,0.1724137931034483,0.0,1,0,1,0,0
0.26702269692923897,2,0,0.9006772009029346,0.5172413793103449,0.0,0,0,0,1,0
0.16421895861148197,1,1,0.059614200697722136,0.7586206896551724,0.8235294117647058,0,0,1,0,0
0.24833110814419226,5,0,0.48599425405294483,0.3448275862068966,0.8823529411764706,1,0,1,0,0
0.43391188251001334,5,1,0.6354401805869074,0.5517241379310345,0.6470588235294117,0,0,0,0,1
0.6181575433911882,1,0,0.7165503796429304,0.7586206896551724,0.29411764705882354,1,1,0,0,0
0.46461949265687574,1,1,0.4325877282987892,0.6206896551724138,0.29411764705882354,0,0,1,0,0
0.8798397863818425,2,0,0.9840960394007798,0.3448275862068966,0.6470588235294117,0,1,0,0,0
0.5367156208277704,3,0,0.3724604966139955,0.9310344827586207,0.8235294117647058,0,0,1,0,0
0.4606141522029372,5,0,0.07895546891032218,0.24137931034482757,0.1764705882352941,0,0,1,0,0
0.6809078771695594,2,0,0.14175046172788835,0.7241379310344828,0.1764705882352941,0,0,0,0,1
0.19492656875834444,3,1,0.5286271290785963,0.10344827586206896,0.05882352941176472,0,0,0,1,0
0.19626168224299065,2,1,0.2302996100964498,0.3448275862068966,0.6470588235294117,0,0,0,1,0
0.9479305740987983,5,0,0.15806484711676586,0.24137931034482757,0.35294117647058826,1,0,1,0,0
0.651535380507343,1,0,0.09516724810178534,0.27586206896551724,0.4705882352941176,1,0,0,0,1
0.8531375166889185,1,0,0.039349476708393186,0.8620689655172413,0.4705882352941176,1,1,0,0,0
0.7343124165554071,3,0,0.9134003693823107,0.034482758620689655,0.411764705882353,0,1,0,0,0
0.44993324432576765,4,0,0.15237020316027086,0.5172413793103449,0.7647058823529411,1,0,1,0,0
0.8544726301735647,3,1,0.9364867638005335,0.1724137931034483,0.0,1,0,0,1,0
0.630173564753004,4,0,0.28714344346398524,0.6896551724137931,0.6470588235294117,1,0,0,0,1
0.20026702269692923,2,0,0.9568540939872768,0.6896551724137931,0.05882352941176472,0,0,0,1,0
0.5527369826435247,2,0,0.2705212394828648,0.8620689655172413,0.7058823529411764,0,1,0,0,0
0.3965287049399199,5,0,0.33701005540734663,0.896551724137931,0.1764705882352941,0,0,0,1,0
0.8144192256341789,4,0,0.26010671044531086,0.6206896551724138,1.0,1,1,0,0,0
0.34979973297730305,5,1,0.49399753745126207,0.9310344827586207,0.8823529411764706,1,0,0,0,1
0.19092122830440586,1,0,0.5768007387646213,0.24137931034482757,0.7647058823529411,0,0,0,0,1
0.4606141522029372,4,0,0.7543607633901087,0.4482758620689655,0.411764705882353,0,0,1,0,0
0.8317757009345794,3,0,0.28016622203981123,0.7931034482758621,0.6470588235294117,0,0,1,0,0
0.7623497997329772,1,0,0.38210547917094195,0.5172413793103449,0.4705882352941176,1,0,0,1,0
0.001335113484646197,1,0,0.5691052739585472,0.3793103448275862,0.29411764705882354,1,0,0,0,1
0.40453938584779703,3,1,0.06725836240508927,0.13793103448275862,1.0,0,0,0,0,1
0.33778371161548726,1,1,0.40247280935768515,0.7931034482758621,0.05882352941176472,1,0,1,0,0
0.8691588785046729,4,0,0.8953416786373897,0.8620689655172413,0.411764705882353,1,1,0,0,0
0.60347129506008,5,0,0.4701415965524317,0.7931034482758621,0.7647058823529411,1,0,0,1,0
0.048064085447263025,1,0,0.5093371639647035,0.6206896551724138,0.29411764705882354,0,0,0,1,0
0.212283044058745,4,0,0.16842807305561255,0.5862068965517241,0.5294117647058822,1,0,1,0,0
0.010680907877169563,2,1,0.15868048430125178,0.27586206896551724,0.411764705882353,1,0,0,0,1
0.30974632843791716,4,1,0.8568643546070183,0.034482758620689655,0.9411764705882353,1,0,1,0,0
0.1308411214953271,5,0,0.9595218551200493,0.8275862068965517,0.6470588235294117,0,0,1,0,0
0.8785046728971962,4,0,0.028370613585060538,0.6551724137931034,0.9411764705882353,1,0,1,0,0
0.27636849132176233,3,0,0.27857582597988917,0.3793103448275862,0.7058823529411764,0,0,1,0,0
0.17356475300400534,5,1,0.07100348861071208,0.9655172413793103,0.6470588235294117,1,1,0,0,0
0.5380507343124166,2,1,0.5764929201723784,0.034482758620689655,0.8823529411764706,0,1,0,0,0
0.20160213618157544,3,0,0.5446849989739381,0.3103448275862069,0.23529411764705882,0,0,0,0,1
0.07076101468624832,4,0,0.35152883234147336,0.0,0.8823529411764706,0,0,1,0,0
0.1588785046728972,5,1,0.5229837882208085,0.10344827586206896,0.29411764705882354,1,1,0,0,0
0.897196261682243,2,0,0.8224399753745126,0.8275862068965517,0.588235294117647,0,0,0,0,1
0.8371161548731642,3,0,0.39169915862918114,0.3793103448275862,0.9411764705882353,1,0,1,0,0
0.7823765020026702,2,0,0.6648881592448184,0.27586206896551724,0.7647058823529411,0,0,0,1,0
0.8331108144192256,4,1,0.7663656884875847,0.10344827586206896,0.29411764705882354,0,1,0,0,0
0.5594125500667556,2,0,0.5446336958752309,0.27586206896551724,0.588235294117647,0,0,0,0,1
0.562082777036048,1,0,0.1944900471988508,0.9310344827586207,0.6470588235294117,0,0,0,1,0
0.1375166889185581,3,1,0.3781551405704905,0.1724137931034483,0.7058823529411764,0,0,1,0,0
0.33778371161548726,2,0,0.12882208085368355,0.0,0.1764705882352941,0,0,1,0,0
0.30173564753004,4,0,0.11927970449415143,0.3103448275862069,0.35294117647058826,1,0,1,0,0
0.14819759679572764,4,0,0.451826390313975,0.9655172413793103,0.05882352941176472,0,1,0,0,0
0.6795727636849132,2,0,0.9515185717217319,0.4482758620689655,0.29411764705882354,1,0,0,0,1
0.630173564753004,4,1,0.3309049866611943,0.7241379310344828,0.29411764705882354,0,0,0,1,0
0.1308411214953271,5,0,0.39195567412271703,0.8275862068965517,1.0,1,0,0,0,1
0.20293724966622165,5,0,0.7404576236404679,0.9655172413793103,0.411764705882353,0,1,0,0,0
0.44993324432576765,5,0,0.05079006772009029,0.5862068965517241,0.411764705882353,0,0,0,0,1
0.9412550066755673,1,1,0.2781654011902319,0.1724137931034483,0.411764705882353,0,1,0,0,0
0.2162883845126836,2,1,0.22465626923866203,0.5862068965517241,0.411764705882353,0,0,1,0,0
0.959946595460614,1,0,0.24522881182023396,0.6551724137931034,0.0,1,0,0,1,0
0.9078771695594124,4,0,0.3826185101580135,0.5172413793103449,0.05882352941176472,0,0,1,0,0
0.21361815754339117,1,1,0.9983583008413708,0.48275862068965514,0.6470588235294117,1,0,0,0,1
0.7730307076101468,4,0,0.15293453724604966,0.5172413793103449,0.8235294117647058,0,0,1,0,0
0.5300400534045393,4,1,0.7274779396675559,0.24137931034482757,0.1764705882352941,0,0,0,1,0
0.3684913217623498,3,1,0.12933511184075516,0.41379310344827586,0.11764705882352938,0,0,1,0,0
0.671562082777036,5,1,0.4963574799917915,0.7586206896551724,0.7647058823529411,0,0,0,1,0
0.5220293724966621,4,0,0.527908885696696,0.3448275862068966,0.411764705882353,1,0,0,1,0
0.17890520694259013,3,0,0.7740098501949517,0.9310344827586207,0.7058823529411764,0,0,1,0,0
0.2590120160213618,5,1,0.2349168889800944,0.9655172413793103,0.23529411764705882,1,1,0,0,0
0.5340453938584779,4,0,0.6107633901087626,0.8275862068965517,0.7058823529411764,0,0,0,0,1
0.8531375166889185,4,0,0.2876564744510568,0.20689655172413793,0.0,1,1,0,0,0
0.042723631508678236,1,1,0.9431048635337574,0.5517241379310345,0.8823529411764706,0,1,0,0,0
0.9172229639519358,1,1,0.91160476092756,0.5862068965517241,0.05882352941176472,1,0,1,0,0
0.6128170894526034,5,0,0.5834701415965524,0.7241379310344828,0.35294117647058826,0,0,0,0,1
0.6261682242990654,4,0,0.8932895546891032,0.7586206896551724,0.29411764705882354,1,0,0,0,1
0.4993324432576769,2,0,0.5107223476297968,0.6206896551724138,0.23529411764705882,0,1,0,0,0
0.028037383177570097,1,1,0.6645290375538683,0.8275862068965517,0.1764705882352941,1,0,1,0,0
0.9999999999999999,5,1,0.06248717422532321,0.41379310344827586,0.05882352941176472,1,0,0,0,1
0.8931909212283043,4,0,0.675200082084958,0.48275862068965514,0.5294117647058822,1,1,0,0,0
0.04939919893190921,4,0,0.6816642725220603,0.7586206896551724,0.23529411764705882,0,0,0,0,1
0.30574098798397864,2,1,0.6430843422942746,1.0,1.0,0,0,1,0,0
0.4859813084112149,5,0,0.503180792119844,0.7241379310344828,0.5294117647058822,0,0,1,0,0
0.7503337783711616,4,0,0.4849681920788016,0.9655172413793103,0.8235294117647058,1,0,1,0,0
0.5834445927903872,1,1,0.4648573773855941,0.7241379310344828,0.4705882352941176,0,0,0,0,1
0.37650200267022693,2,0,0.04268417812435871,0.0,0.588235294117647,1,0,0,1,0
0.03471295060080107,5,1,0.08834393597373282,0.9655172413793103,0.9411764705882353,1,0,0,0,1
0.3004005340453939,2,0,0.12369177098296735,0.5172413793103449,0.4705882352941176,0,0,0,1,0
0.3684913217623498,1,0,0.4875333470141596,0.13793103448275862,0.8823529411764706,1,0,1,0,0
0.8117489986648865,5,1,0.23065873178739996,0.8620689655172413,0.29411764705882354,1,1,0,0,0
0.37783711615487314,2,0,0.1078904165811615,0.06896551724137931,0.588235294117647,0,0,0,1,0
0.6408544726301735,3,1,0.13164375128257746,0.7586206896551724,0.9411764705882353,0,0,1,0,0
0.60347129506008,1,0,0.4785553047404063,0.3103448275862069,0.1764705882352941,0,0,1,0,0
0.8785046728971962,1,0,0.8511697106505233,0.6206896551724138,0.8235294117647058,1,0,0,1,0
0.6875834445927903,1,0,0.25184691155345784,0.13793103448275862,0.0,0,1,0,0,0
0.7289719626168224,3,0,0.9543402421506259,0.20689655172413793,0.0,0,0,1,0,0
0.2550066755674232,3,0,0.8524009850194951,0.4482758620689655,0.4705882352941176,0,0,0,1,0
0.06408544726301735,4,0,0.040529447978657915,0.06896551724137931,0.6470588235294117,0,1,0,0,0
0.6822429906542056,2,0,0.7281448799507491,0.41379310344827586,0.1764705882352941,0,1,0,0,0
0.021361815754339125,4,0,0.7130617689308434,0.41379310344827586,0.7058823529411764,0,0,1,0,0
0.22830440587449932,2,1,0.8085368356248718,0.3103448275862069,0.35294117647058826,0,0,0,0,1
0.29238985313751664,3,1,1.0,0.034482758620689655,0.411764705882353,0,0,0,0,1
0.2096128170894526,3,1,0.9515698748204391,0.1724137931034483,0.7058823529411764,1,0,1,0,0
0.6355140186915887,4,0,0.43730761337984814,0.24137931034482757,0.588235294117647,0,1,0,0,0
0.06008010680907877,5,0,0.8155140570490458,0.10344827586206896,0.4705882352941176,1,0,1,0,0
0.4966622162883845,4,1,0.06217935563308023,0.8275862068965517,0.8823529411764706,0,0,0,1,0
0.6902536715620827,2,0,0.7871947465626924,0.3793103448275862,0.5294117647058822,0,0,0,0,1
0.1308411214953271,4,0,0.010773650728504003,0.9310344827586207,0.588235294117647,1,0,0,1,0
0.9933244325767691,1,1,0.08495793145906012,0.48275862068965514,0.6470588235294117,0,0,1,0,0
0.048064085447263025,2,1,0.6293864149394623,0.24137931034482757,0.7647058823529411,0,0,1,0,0
0.3724966622162884,2,0,0.7196285655653601,0.20689655172413793,0.6470588235294117,0,1,0,0,0
0.46461949265687574,5,0,0.25764416170736715,0.4482758620689655,1.0,0,1,0,0,0
0.6622162883845126,3,1,0.6688384978452698,0.7586206896551724,0.9411764705882353,1,1,0,0,0
0.4018691588785047,2,0,0.2636466242561051,0.6206896551724138,0.11764705882352938,0,0,0,1,0
0.2403204272363151,3,1,0.9324851221013749,0.4482758620689655,0.0,0,1,0,0,0
0.8090787716955941,4,1,0.3071003488610712,0.7241379310344828,0.1764705882352941,1,0,1,0,0
0.1308411214953271,1,1,0.7067001846911554,0.41379310344827586,0.8823529411764706,1,1,0,0,0
0.9332443257676902,5,0,0.28606607839113485,0.9655172413793103,0.6470588235294117,0,0,0,0,1
0.15353805073431243,3,0,0.7720603324440796,0.6896551724137931,0.7058823529411764,0,1,0,0,0
0.2536715620827771,2,1,0.19715780833162322,0.0,0.9411764705882353,0,0,0,1,0
0.33644859813084116,3,1,0.6094808126410836,0.896551724137931,0.411764705882353,0,0,0,0,1
0.21361815754339117,2,1,0.7308126410835214,0.6206896551724138,0.7058823529411764,0,0,0,0,1
0.3404539385847797,3,0,0.5890621793556331,0.9655172413793103,0.23529411764705882,0,0,0,0,1
0.4299065420560747,2,0,0.01928996511389288,0.9310344827586207,1.0,0,0,0,1,0
0.16955941255006676,4,1,0.16883849784526986,0.0,0.8235294117647058,1,0,1,0,0
0.022696929238985322,2,1,0.5965524317668787,0.10344827586206896,0.6470588235294117,0,1,0,0,0
0.979973297730307,2,1,0.7006977221424174,0.3103448275862069,0.9411764705882353,1,0,0,0,1
0.7543391188251001,1,1,0.8519392571311307,0.06896551724137931,0.8235294117647058,1,0,0,0,1
0.7596795727636849,2,0,0.03770777754976401,0.896551724137931,0.05882352941176472,0,0,0,0,1
0.4299065420560747,1,1,0.8525035912169094,0.6551724137931034,0.29411764705882354,0,0,1,0,0
0.9145527369826435,5,1,0.6396470346808947,0.27586206896551724,0.9411764705882353,1,0,1,0,0
0.8344459279038717,1,0,0.8769238662015185,0.06896551724137931,0.8823529411764706,0,0,0,1,0
0.383177570093458,4,1,0.8267494356659142,0.9310344827586207,0.9411764705882353,0,0,1,0,0
0.883845126835781,1,0,0.7581058895957316,0.1724137931034483,0.4705882352941176,0,1,0,0,0
0.8518024032042724,5,0,0.9373076133798481,0.1724137931034483,0.23529411764705882,0,0,0,1,0
0.205607476635514,4,1,0.9050379642930433,0.7586206896551724,0.0,1,0,0,1,0
0.6528704939919893,3,0,0.3729222245023599,0.8275862068965517,0.29411764705882354,1,1,0,0,0
0.514018691588785,3,0,0.8788220808536835,0.3793103448275862,0.7647058823529411,0,1,0,0,0
0.1375166889185581,1,0,0.6246665298584034,0.7586206896551724,0.9411764705882353,0,1,0,0,0
0.5233644859813084,1,0,0.7432792940693618,1.0,0.0,0,0,0,1,0
0.3271028037383178,5,0,0.7111122511799712,0.0,0.0,1,0,0,1,0
0.2336448598130841,5,0,0.09342294274574184,0.5172413793103449,0.7058823529411764,0,0,0,1,0
0.050734312416555405,2,1,0.35142622614405905,0.7931034482758621,0.7647058823529411,0,1,0,0,0
0.6355140186915887,5,0,0.6705315001026062,0.13793103448275862,0.29411764705882354,1,1,0,0,0
0.9092122830440587,2,0,0.5710547917094192,0.27586206896551724,0.29411764705882354,0,0,0,0,1
0.7169559412550066,4,0,0.7751385183665094,0.3103448275862069,0.0,0,0,1,0,0
0.5433911882510013,1,1,0.3343422942745742,0.41379310344827586,0.7647058823529411,1,0,0,0,1
0.6995994659546061,4,0,0.0910630002052124,0.48275862068965514,0.11764705882352938,0,1,0,0,0
0.6742323097463284,5,1,0.9031397496408783,0.3793103448275862,0.5294117647058822,1,0,0,1,0
0.04672897196261683,4,1,0.7577467679047815,0.13793103448275862,0.1764705882352941,0,1,0,0,0
0.9132176234979973,4,1,0.6986969012928381,0.13793103448275862,0.5294117647058822,1,0,1,0,0
0.025367156208277702,4,0,0.6083008413708187,0.9310344827586207,0.05882352941176472,1,0,0,0,1
0.4272363150867824,5,1,0.9316129694233531,0.9310344827586207,0.1764705882352941,1,0,0,0,1
0.6822429906542056,4,0,0.4870716191257952,1.0,0.29411764705882354,0,0,0,1,0
0.5327102803738317,2,1,0.3841576031192284,0.5862068965517241,0.35294117647058826,0,0,0,0,1
0.8718291054739652,5,1,0.45613585060537654,0.3793103448275862,0.8823529411764706,1,0,0,0,1
0.6275033377837116,4,0,0.15324235583829263,0.896551724137931,0.35294117647058826,1,1,0,0,0
0.18958611481975965,5,0,0.42791914631643746,0.06896551724137931,1.0,1,0,0,0,1
0.12149532710280372,3,0,0.9084239688077159,0.8620689655172413,0.4705882352941176,1,0,0,0,1
0.4712950600801068,2,1,0.6111225117997127,0.8275862068965517,0.5294117647058822,0,0,0,0,1
0.9692923898531375,4,0,0.4615226759696286,0.20689655172413793,0.7058823529411764,1,0,0,1,0
0.06675567423230974,3,0,0.1395444284834804,0.5517241379310345,1.0,1,0,0,1,0
0.8865153538050734,3,0,0.2387646213831315,0.6206896551724138,0.8823529411764706,0,1,0,0,0
0.9305740987983978,5,1,0.9084239688077159,0.9310344827586207,0.9411764705882353,1,0,0,0,1
0.7663551401869159,3,1,0.21193310075928584,0.5862068965517241,0.7058823529411764,0,0,0,1,0
0.25233644859813087,2,1,0.9876359532115739,0.0,0.6470588235294117,1,0,0,1,0
0.16555407209612816,2,1,0.06361584239688077,0.8275862068965517,0.5294117647058822,0,1,0,0,0
0.19893190921228301,1,0,0.4379745536630413,0.7931034482758621,0.0,0,0,1,0,0
0.417890520694259,2,0,0.09383336753539913,0.13793103448275862,0.411764705882353,0,0,0,0,1
0.7596795727636849,3,1,0.9209419248922635,0.896551724137931,1.0,1,0,0,1,0
0.4552736982643524,2,0,0.3716396470346809,0.9310344827586207,0.05882352941176472,0,1,0,0,0
0.40587449933244324,5,0,0.9388467063410629,0.034482758620689655,0.8823529411764706,0,1,0,0,0
0.9225634178905207,1,0,0.16570900882413298,0.0,0.6470588235294117,0,1,0,0,0
0.9092122830440587,3,0,0.19269443874410014,0.20689655172413793,0.4705882352941176,0,0,0,1,0
0.07076101468624832,1,0,0.3075620767494357,0.9655172413793103,0.11764705882352938,1,0,0,0,1
0.5914552736982643,3,1,0.9612661604760927,0.3448275862068966,0.1764705882352941,1,0,1,0,0
0.8170894526034712,5,0,0.5627949928175662,0.3448275862068966,0.05882352941176472,0,0,0,0,1
0.35113484646194926,1,0,0.7883234147342499,0.5862068965517241,0.411764705882353,0,1,0,0,0
0.06942590120160214,4,0,0.093474245844449,0.5517241379310345,0.5294117647058822,0,1,0,0,0
0.7623497997329772,3,1,0.5479683972911964,0.034482758620689655,0.8823529411764706,0,0,1,0,0
0.8264352469959946,4,0,0.20818797455366303,0.20689655172413793,0.588235294117647,1,0,0,0,1
0.005340453938584788,1,1,0.020623845680279092,0.20689655172413793,1.0,0,1,0,0,0
0.13618157543391188,4,1,0.9287399958957521,0.3103448275862069,0.7647058823529411,1,1,0,0,0
0.260347129506008,4,0,0.5651036322593884,0.7241379310344828,0.411764705882353,1,0,0,0,1
0.46595460614152195,1,1,0.19715780833162322,0.6896551724137931,0.8235294117647058,0,1,0,0,0
0.061415220293724954,5,1,0.5839318694849169,0.06896551724137931,0.9411764705882353,1,0,0,0,1
0.8744993324432576,4,1,0.8437307613379849,1.0,1.0,1,1,0,0,0
0.3578104138851802,4,1,0.48681510363225944,0.3793103448275862,0.29411764705882354,1,0,0,0,1
0.49265687583444584,5,0,0.6725836240508927,0.06896551724137931,0.7647058823529411,0,0,1,0,0
0.8477970627503337,4,0,0.6045044120664889,0.3448275862068966,0.11764705882352938,1,1,0,0,0
0.14018691588785046,4,0,0.0495587933511184,0.9655172413793103,0.35294117647058826,0,0,1,0,0
0.8931909212283043,4,0,0.018776934126821257,0.3793103448275862,0.8235294117647058,1,1,0,0,0
0.8785046728971962,2,1,0.43207469731171766,0.8275862068965517,0.8823529411764706,0,1,0,0,0
0.8758344459279038,5,0,0.11491894110404269,0.10344827586206896,0.8823529411764706,1,0,0,1,0
0.1588785046728972,4,1,0.15806484711676586,0.8275862068965517,0.411764705882353,0,0,0,0,1
0.8050734312416555,5,1,0.6833572747793967,0.5172413793103449,0.35294117647058826,1,0,1,0,0
0.07610146862483311,3,1,0.07526164580340652,0.6551724137931034,0.29411764705882354,0,0,1,0,0
0.4606141522029372,3,1,0.24230453519392572,0.5862068965517241,0.05882352941176472,0,0,1,0,0
0.9879839786381842,4,0,0.21839729119638826,0.10344827586206896,0.7058823529411764,0,0,0,0,1
0.6315086782376501,5,0,0.1857172173199261,0.7241379310344828,0.6470588235294117,0,0,0,1,0
0.1548731642189586,5,0,0.527908885696696,0.1724137931034483,0.8235294117647058,0,0,1,0,0
0.16822429906542055,5,0,0.8826698132567207,0.6896551724137931,0.4705882352941176,0,0,0,0,1
0.5233644859813084,2,0,0.17591832546685818,0.48275862068965514,0.05882352941176472,0,1,0,0,0
0.8544726301735647,3,0,0.21285655653601476,0.0,0.9411764705882353,0,0,1,0,0
0.07610146862483311,5,1,0.2160373486558588,0.06896551724137931,0.23529411764705882,0,0,1,0,0
0.8451268357810413,5,0,0.7815001026061974,0.13793103448275862,0.588235294117647,1,0,0,1,0
0.6835781041388518,2,0,0.4610609480812641,0.7241379310344828,0.35294117647058826,0,0,1,0,0
0.1268357810413885,2,1,0.0398625076954648,1.0,0.05882352941176472,0,0,1,0,0
0.8504672897196262,5,0,0.7874512620562282,0.5517241379310345,0.8823529411764706,0,1,0,0,0
0.1562082777036048,1,0,0.5663862097270675,1.0,0.6470588235294117,1,0,0,0,1
0.7463284379172229,5,1,0.9888159244818386,0.4482758620689655,0.8235294117647058,1,0,0,0,1
0.8010680907877169,5,1,0.28380874204801965,0.27586206896551724,0.0,1,0,0,1,0
0.6502002670226968,2,1,0.16950543812846294,1.0,0.7058823529411764,0,1,0,0,0
0.315086782376502,2,0,0.14877898625076955,0.06896551724137931,0.29411764705882354,0,0,0,0,1
0.36181575433911883,5,1,0.6868971885901909,0.8620689655172413,0.7058823529411764,0,1,0,0,0
0.25100133511348466,5,1,0.19064231479581367,0.41379310344827586,1.0,0,0,0,0,1
0.9385847797062751,5,0,0.000974758875436077,0.06896551724137931,0.11764705882352938,0,1,0,0,0
0.5954606141522029,2,1,0.07685204186332854,0.3448275862068966,0.0,0,0,0,1,0
0.774365821094793,5,1,0.4633695875230863,0.034482758620689655,0.8235294117647058,1,0,1,0,0
0.3284379172229639,5,0,0.8104350502770368,0.7931034482758621,0.7058823529411764,1,0,0,1,0
0.10013351134846463,4,0,0.18669197619536218,0.48275862068965514,0.23529411764705882,1,0,0,0,1
0.2042723631508678,1,1,0.0096962856556536,0.41379310344827586,0.7058823529411764,0,0,0,1,0
0.8744993324432576,3,1,0.6825364252000821,0.6206896551724138,0.23529411764705882,0,0,1,0,0
0.5794392523364486,1,0,0.6880771598604556,0.7241379310344828,1.0,0,0,0,1,0
0.11348464619492657,4,1,0.440437102400985,0.5172413793103449,0.5294117647058822,1,0,0,0,1
0.9292389853137516,3,0,0.2390724399753745,0.5862068965517241,0.411764705882353,1,0,0,0,1
0.37917222963951935,5,0,0.2218345988097681,0.20689655172413793,0.8235294117647058,0,0,0,1,0
0.29238985313751664,4,0,0.4649599835830084,0.41379310344827586,0.1764705882352941,1,0,1,0,0
0.09078771695594126,5,1,0.5370921403652781,0.10344827586206896,0.05882352941176472,0,0,0,1,0
0.061415220293724954,2,1,0.6484198645598194,0.27586206896551724,0.29411764705882354,0,0,1,0,0
0.12416555407209612,4,0,0.4716806895136466,1.0,0.11764705882352938,0,1,0,0,0
0.9999999999999999,2,0,0.6527806279499282,0.3103448275862069,0.35294117647058826,0,0,1,0,0
0.60347129506008,4,0,0.8028421916683768,0.27586206896551724,0.5294117647058822,0,1,0,0,0
0.2710280373831776,4,1,0.4378206443669197,0.20689655172413793,0.29411764705882354,0,0,0,1,0
0.28971962616822433,2,1,0.9795300636158424,0.48275862068965514,0.8823529411764706,1,0,1,0,0
0.6315086782376501,3,1,0.6639647034680894,0.9310344827586207,0.05882352941176472,1,1,0,0,0
0.5754339118825099,1,1,0.32172173199261234,0.24137931034482757,0.9411764705882353,0,1,0,0,0
0.4539385847797063,5,1,0.32228606607839116,0.6206896551724138,0.7058823529411764,0,1,0,0,0
0.7343124165554071,4,0,0.45223681510363223,0.3448275862068966,0.0,1,0,0,0,1
0.815754339118825,5,0,0.9265339626513441,0.13793103448275862,0.29411764705882354,1,0,0,1,0
0.3845126835781041,2,0,0.431561666324646,0.034482758620689655,0.23529411764705882,0,1,0,0,0
0.33778371161548726,5,1,0.8785655653601477,0.3103448275862069,0.7058823529411764,0,0,1,0,0
0.9786381842456607,2,1,0.8641493946234352,0.5172413793103449,1.0,1,1,0,0,0
0.4753004005340453,5,0,0.9208906217935563,0.7586206896551724,0.6470588235294117,1,0,0,0,1
0.029372496662216294,1,1,0.591883849784527,0.41379310344827586,0.35294117647058826,0,0,0,1,0
0.6955941255006675,1,0,0.7177816540119023,0.24137931034482757,0.8235294117647058,0,0,0,0,1
0.1321762349799733,1,0,0.6899753745126206,0.27586206896551724,0.11764705882352938,1,0,0,0,1
0.2389853137516689,1,1,0.7536425200082085,0.3448275862068966,0.8823529411764706,1,0,0,0,1
0.2963951935914553,1,1,0.9295095423763595,0.3448275862068966,0.0,0,0,1,0,0
0.8785046728971962,1,1,0.6839729119638827,0.7586206896551724,0.8823529411764706,0,0,0,1,0
0.5887850467289719,2,0,0.4053457828852862,0.8620689655172413,0.6470588235294117,0,0,0,1,0
0.8104138851802403,4,0,0.8017135234968192,0.5172413793103449,0.411764705882353,0,0,1,0,0
0.4325767690253671,5,1,0.910014364867638,0.3103448275862069,0.6470588235294117,1,0,0,1,0
0.6875834445927903,1,0,0.05191873589164786,0.9655172413793103,0.8235294117647058,0,0,0,0,1
0.020026702269692928,2,0,0.557049045762364,0.7931034482758621,0.05882352941176472,0,0,0,1,0
0.4472630173564752,2,1,0.8945208290580751,0.3793103448275862,0.9411764705882353,1,0,1,0,0
0.3431241655540721,2,0,0.09039605992201928,0.8275862068965517,0.35294117647058826,0,0,0,0,1
0.6622162883845126,4,1,0.30817771393392157,0.1724137931034483,0.7058823529411764,0,0,1,0,0
0.212283044058745,5,1,0.49261235378616874,0.9310344827586207,0.0,1,1,0,0,0
0.6328437917222963,4,0,0.8213626103016622,0.3793103448275862,0.29411764705882354,1,0,0,0,1
0.8851802403204272,3,0,0.03411656064026267,0.3103448275862069,0.7058823529411764,1,0,0,0,1
0.9198931909212282,2,1,0.17278883644572132,0.5862068965517241,0.588235294117647,1,0,0,1,0
0.8998664886515353,3,1,0.3064847116765852,0.5862068965517241,0.5294117647058822,0,0,0,0,1
0.5060080106809078,1,1,0.9119638826185101,0.10344827586206896,0.8823529411764706,0,0,1,0,0
0.72630173564753,1,1,0.44177098296737116,0.27586206896551724,0.9411764705882353,0,0,0,1,0
0.9212283044058744,4,1,0.28714344346398524,0.20689655172413793,0.9411764705882353,1,1,0,0,0
0.568758344459279,5,1,0.18715370408372664,0.5862068965517241,0.1764705882352941,0,0,1,0,0
0.8170894526034712,3,0,0.6334393597373281,0.24137931034482757,0.23529411764705882,0,1,0,0,0
0.356475300400534,5,0,0.5074902524112457,0.3448275862068966,0.7647058823529411,0,1,0,0,0
0.7690253671562083,4,0,0.16355427867843217,0.20689655172413793,0.5294117647058822,1,1,0,0,0
0.5554072096128171,1,0,0.7871434434639852,0.27586206896551724,0.7647058823529411,1,0,0,0,1
0.22296395193591453,5,0,0.45080032833983175,0.24137931034482757,0.0,0,0,1,0,0
0.05607476635514019,5,0,0.019956905397085986,0.06896551724137931,0.588235294117647,0,0,1,0,0
0.7409879839786382,1,1,0.8955981941309255,0.5517241379310345,1.0,0,0,0,0,1
0.37917222963951935,3,0,0.13585060537656474,0.034482758620689655,0.8823529411764706,0,0,0,1,0
0.5287049399198932,1,0,0.6976195362199877,0.48275862068965514,1.0,0,1,0,0,0
0.01468624833110814,5,0,0.7344038579930228,0.4482758620689655,0.411764705882353,0,0,1,0,0
0.8090787716955941,3,0,0.9627539503386005,0.9655172413793103,0.5294117647058822,0,0,0,0,1
0.4018691588785047,3,0,0.8819515698748204,0.5862068965517241,0.5294117647058822,0,1,0,0,0
0.33644859813084116,1,0,0.7983275189821465,0.5172413793103449,0.23529411764705882,0,0,0,1,0
0.664886515353805,5,0,0.3536322593884671,0.6551724137931034,0.5294117647058822,1,0,0,1,0
0.04539385847797063,4,1,0.8999076544223271,0.7241379310344828,1.0,1,1,0,0,0
0.9692923898531375,5,1,0.07844243792325056,0.10344827586206896,0.29411764705882354,1,0,0,1,0
0.11882510013351136,2,1,0.28108967781654015,0.8275862068965517,0.11764705882352938,1,0,1,0,0
0.8064085447263016,4,1,0.5577672891442643,0.6551724137931034,0.411764705882353,0,0,1,0,0
0.8024032042723631,3,0,0.3160783911348245,0.1724137931034483,0.4705882352941176,0,0,1,0,0
0.5567423230974633,4,1,0.26995690539708594,0.1724137931034483,0.23529411764705882,1,0,0,1,0
0.15220293724966621,3,1,0.9036014775292428,0.8620689655172413,0.05882352941176472,0,0,1,0,0
0.822429906542056,3,0,0.8151036322593884,0.3448275862068966,0.05882352941176472,0,0,0,0,1
0.260347129506008,4,1,0.9647547711881798,0.8620689655172413,0.35294117647058826,0,0,1,0,0
0.6675567423230975,3,0,0.6035809562897599,0.5517241379310345,0.9411764705882353,0,0,1,0,0
0.8344459279038717,3,1,0.41396470346808945,0.7931034482758621,0.5294117647058822,0,0,0,1,0
0.6568758344459279,2,1,0.7971475477118818,0.9310344827586207,0.6470588235294117,0,0,1,0,0
0.09879839786381842,5,0,0.1490868048430125,0.06896551724137931,0.05882352941176472,0,1,0,0,0
0.5500667556742322,5,1,0.24163759491073258,0.41379310344827586,0.5294117647058822,1,0,0,0,1
0.5006675567423231,2,1,0.6252821670428894,0.7241379310344828,0.0,1,0,0,1,0
0.5594125500667556,4,1,0.5206238456802791,0.06896551724137931,0.1764705882352941,0,0,0,0,1
0.9719626168224299,1,0,0.9807613379848144,0.5172413793103449,0.7058823529411764,1,1,0,0,0
0.3684913217623498,1,1,0.2302996100964498,0.48275862068965514,0.6470588235294117,0,0,0,1,0
0.9012016021361815,1,0,0.7139852247075723,0.3448275862068966,0.588235294117647,1,0,0,1,0
0.5246995994659546,2,0,0.7267596962856556,0.5862068965517241,0.5294117647058822,0,0,1,0,0
0.6088117489986649,2,0,0.44074492099322793,0.48275862068965514,0.8235294117647058,0,0,0,0,1
0.2550066755674232,3,1,0.8904165811615021,0.13793103448275862,0.23529411764705882,1,1,0,0,0
0.9853137516688918,1,1,0.8518879540324236,0.5172413793103449,0.9411764705882353,0,1,0,0,0
0.918558077436582,4,1,0.23655858813872357,1.0,0.23529411764705882,1,0,0,1,0
0.1308411214953271,4,1,0.5860865996306177,0.5172413793103449,0.05882352941176472,0,0,1,0,0
0.7303070761014686,1,0,0.8519905602298379,0.5517241379310345,0.4705882352941176,0,0,0,1,0
0.1268357810413885,1,0,0.4197106505232916,0.27586206896551724,0.29411764705882354,0,0,0,1,0
0.8851802403204272,1,0,0.9092448183870305,0.896551724137931,1.0,0,0,0,1,0
0.883845126835781,2,0,0.43089472604145285,0.7586206896551724,0.7647058823529411,0,0,0,1,0
0.25233644859813087,2,0,0.1911040426841781,0.06896551724137931,0.7647058823529411,0,1,0,0,0
0.9813084112149532,2,0,0.7029037553868254,0.6551724137931034,0.411764705882353,0,1,0,0,0
0.048064085447263025,5,0,0.9842499486969012,0.41379310344827586,0.9411764705882353,1,0,0,1,0
0.49132176234979974,4,0,0.5241124563923661,0.7241379310344828,0.11764705882352938,0,0,0,1,0
0.9265687583444592,4,0,0.020059511594500305,0.06896551724137931,0.5294117647058822,0,0,1,0,0
0.6995994659546061,3,0,0.820336548327519,0.9310344827586207,0.9411764705882353,0,0,0,1,0
0.3711615487316422,2,1,0.4634208906217935,0.20689655172413793,0.588235294117647,1,1,0,0,0
0.2883845126835781,5,1,0.4983583008413708,0.9655172413793103,0.411764705882353,1,0,0,0,1
0.36315086782376504,5,1,0.4511081469320747,0.1724137931034483,0.0,1,1,0,0,0
0.0814419225634179,4,0,0.02970449415144675,0.27586206896551724,0.7058823529411764,0,0,1,0,0
0.794392523364486,2,0,0.7350707982762159,0.3793103448275862,0.1764705882352941,1,1,0,0,0
0.9719626168224299,3,1,0.519649086804843,0.48275862068965514,0.35294117647058826,0,0,0,0,1
0.4552736982643524,2,0,0.00666940283193105,0.6896551724137931,0.7647058823529411,0,0,0,1,0
0.5287049399198932,1,0,0.986045557151652,0.6551724137931034,0.23529411764705882,0,0,0,0,1
0.931909212283044,2,0,0.7686230248306998,0.06896551724137931,0.588235294117647,0,0,0,1,0
0.024032042723631505,1,0,0.17355838292632875,0.3103448275862069,0.9411764705882353,0,0,0,1,0
0.23497997329773032,1,0,0.19331007592858607,0.0,0.23529411764705882,0,1,0,0,0
0.815754339118825,3,0,0.11625282167042889,0.6206896551724138,0.11764705882352938,0,1,0,0,0
0.527369826435247,4,1,0.049917915042068536,0.6206896551724138,0.23529411764705882,0,1,0,0,0
0.5927903871829105,2,0,0.39005745947055204,0.7586206896551724,0.8235294117647058,0,0,1,0,0
0.30974632843791716,1,0,0.3699466447773445,0.7586206896551724,0.8823529411764706,0,1,0,0,0
0.10013351134846463,2,1,0.5875743894931253,0.41379310344827586,0.411764705882353,0,0,1,0,0
0.35246995994659547,4,0,0.1453416786373897,0.3793103448275862,0.7058823529411764,0,1,0,0,0
0.6061415220293724,4,0,0.14036527806279497,0.0,0.8823529411764706,1,0,0,1,0
0.9572763684913218,5,1,0.4897906833572748,0.6206896551724138,0.11764705882352938,1,0,1,0,0
0.979973297730307,4,0,0.21198440385799303,0.9655172413793103,0.0,1,0,0,0,1
0.5113484646194926,3,0,0.350451467268623,0.7931034482758621,0.4705882352941176,0,0,1,0,0
0.7516688918558077,1,0,0.42843217730350913,0.5172413793103449,0.4705882352941176,0,0,1,0,0
0.6742323097463284,5,0,0.8048430125179561,0.8275862068965517,0.9411764705882353,0,0,0,0,1
0.4886515353805073,3,0,0.09783500923455776,0.7586206896551724,0.05882352941176472,0,0,1,0,0
0.19092122830440586,2,1,0.7435871126616047,0.7586206896551724,0.4705882352941176,0,0,0,1,0
0.09078771695594126,1,0,0.6187153704083727,0.9310344827586207,0.7058823529411764,0,1,0,0,0
0.1308411214953271,4,0,0.5052329160681305,0.48275862068965514,0.23529411764705882,1,0,0,0,1
0.527369826435247,1,0,0.1006053765647445,0.5172413793103449,0.4705882352941176,0,1,0,0,0
0.032042723631508674,2,0,0.26426226144059095,0.3448275862068966,0.7058823529411764,0,0,0,1,0
0.6248331108144192,5,1,0.5376051713523496,0.7931034482758621,0.0,1,0,0,0,1
0.6448598130841121,5,0,0.049456187153704076,0.1724137931034483,0.8235294117647058,1,1,0,0,0
0.7530040053404539,5,0,0.04550584855325261,0.3448275862068966,0.1764705882352941,0,1,0,0,0
0.20026702269692923,4,0,0.997486148163349,0.06896551724137931,0.1764705882352941,1,0,0,1,0
0.19092122830440586,3,0,0.3313667145495588,0.48275862068965514,0.5294117647058822,0,1,0,0,0
0.7583444592790387,3,0,0.31623230043094597,0.0,0.29411764705882354,1,0,0,1,0
0.050734312416555405,1,1,0.8210547917094192,0.20689655172413793,0.6470588235294117,0,0,1,0,0
0.14419225634178906,4,0,0.5837779601887954,0.0,0.8823529411764706,1,0,0,1,0
0.9238985313751669,5,0,0.83839523907244,0.5517241379310345,0.11764705882352938,0,0,1,0,0
0.054739652870493996,5,0,0.561153293658937,0.27586206896551724,0.7647058823529411,1,0,0,0,1
0.24699599465954605,2,1,0.5774676790478145,0.9655172413793103,0.0,0,1,0,0,0
0.5300400534045393,2,0,0.3733839523907244,0.8620689655172413,0.5294117647058822,0,0,0,1,0
0.2963951935914553,5,1,0.05463780012312744,0.7586206896551724,0.8235294117647058,1,0,0,1,0
0.8451268357810413,5,1,0.5701313359326904,0.41379310344827586,0.35294117647058826,0,1,0,0,0
0.17623497997329773,4,1,0.4625487379437718,0.3448275862068966,0.1764705882352941,0,1,0,0,0
0.2162883845126836,3,0,0.8080751077365073,0.9655172413793103,0.7647058823529411,1,0,0,0,1
0.2857142857142857,2,0,0.7272727272727273,0.6551724137931034,0.8823529411764706,1,0,0,0,1
0.9773030707610145,3,1,0.7790375538682537,0.1724137931034483,0.7647058823529411,1,0,0,1,0
0.3124165554072096,4,1,0.23625076954648058,0.0,0.11764705882352938,1,0,0,0,1
0.87716955941255,5,1,0.20434024215062588,0.20689655172413793,0.9411764705882353,1,0,1,0,0
0.7837116154873164,3,0,0.5274984609070388,0.3793103448275862,0.7647058823529411,1,0,0,0,1
0.010680907877169563,5,0,0.7465626923866201,0.7241379310344828,1.0,1,0,0,0,1
0.09746328437917223,5,0,0.23271085573568642,0.6551724137931034,0.11764705882352938,0,0,0,1,0
0.6555407209612817,1,1,0.9616252821670429,0.7586206896551724,0.11764705882352938,1,0,1,0,0
0.33644859813084116,3,0,0.9545454545454545,0.6206896551724138,0.6470588235294117,0,0,0,0,1
0.30574098798397864,3,0,0.3267494356659142,0.5517241379310345,0.23529411764705882,0,0,1,0,0
0.6915887850467289,5,1,0.08844654217114713,0.10344827586206896,0.5294117647058822,1,0,1,0,0
0.23097463284379174,4,0,0.2969936384157603,0.06896551724137931,0.4705882352941176,1,0,1,0,0
0.8704939919893191,1,1,0.4338190026677611,0.0,0.0,0,1,0,0,0
0.22296395193591453,5,0,0.883388056638621,0.5862068965517241,0.7058823529411764,0,1,0,0,0
0.22563417890520696,2,0,0.8073055612558998,0.896551724137931,0.11764705882352938,0,1,0,0,0
0.5233644859813084,2,0,0.8756412887338395,0.6896551724137931,0.588235294117647,0,1,0,0,0
0.8451268357810413,1,1,0.8587112661604761,0.48275862068965514,0.8823529411764706,0,0,0,1,0
0.2576769025367156,4,0,0.4648573773855941,0.24137931034482757,0.29411764705882354,1,0,0,0,1
0.6889185580774365,5,0,0.5213933921608865,0.0,0.11764705882352938,0,1,0,0,0
0.03738317757009346,3,1,0.7457931459060128,0.6551724137931034,0.29411764705882354,0,0,0,1,0
0.21895861148197596,1,0,0.798789246870511,0.4482758620689655,0.411764705882353,0,0,0,0,1
0.562082777036048,4,0,0.23830289349476705,0.10344827586206896,0.7058823529411764,0,1,0,0,0
0.45126835781041386,3,0,0.5130309870716191,0.13793103448275862,0.6470588235294117,1,0,0,0,1
0.863818424566088,2,0,0.5556638620972707,0.7586206896551724,0.5294117647058822,0,1,0,0,0
0.6608811748998664,2,1,0.5344756823312128,0.41379310344827586,0.11764705882352938,0,0,0,1,0
0.4859813084112149,3,0,0.34065257541555505,0.9310344827586207,0.1764705882352941,0,0,1,0,0
0.4552736982643524,1,0,0.5407346603734866,0.7931034482758621,0.0,0,0,1,0,0
0.6662216288384513,2,0,0.2234249948696901,0.48275862068965514,0.7058823529411764,0,0,0,0,1
0.8758344459279038,5,1,0.8001744305356043,0.1724137931034483,0.1764705882352941,1,0,0,1,0
0.6809078771695594,3,0,0.6771495998358301,0.0,0.588235294117647,1,0,1,0,0
0.43524699599465955,3,0,0.14041658116150216,0.7586206896551724,0.588235294117647,0,1,0,0,0
0.2883845126835781,2,0,0.6786886927970449,0.6206896551724138,0.6470588235294117,0,0,1,0,0
0.4005340453938585,1,0,0.4877898625076955,0.41379310344827586,0.588235294117647,1,0,0,0,1
0.17489986648865152,5,0,0.4989226349271496,0.9655172413793103,0.29411764705882354,0,0,0,0,1
0.09212283044058744,1,0,0.5455058485532526,0.9655172413793103,0.6470588235294117,0,0,0,1,0
0.33511348464619495,4,1,0.5110814693207469,0.1724137931034483,0.4705882352941176,1,0,0,0,1
0.5527369826435247,4,0,0.8854401805869074,0.48275862068965514,0.5294117647058822,1,0,1,0,0
0.5927903871829105,2,1,0.9876872563102812,0.5172413793103449,0.11764705882352938,1,0,1,0,0
0.24165554072096126,2,1,0.5843422942745742,0.7931034482758621,0.11764705882352938,0,0,1,0,0
0.22162883845126838,2,0,0.632772419454135,0.7586206896551724,0.8823529411764706,0,0,1,0,0
0.12016021361815754,4,0,0.6124050892673918,0.5172413793103449,0.11764705882352938,0,0,0,1,0
0.951935914552737,1,0,0.8554278678432177,0.3103448275862069,0.5294117647058822,0,1,0,0,0
0.7076101468624832,1,1,0.5048737943771804,0.7241379310344828,0.588235294117647,0,1,0,0,0
0.050734312416555405,2,0,0.6577570285245229,0.27586206896551724,0.411764705882353,0,0,0,1,0
0.16688918558077437,5,0,0.13769751693002258,0.27586206896551724,0.29411764705882354,1,0,0,0,1
0.6008010680907877,1,0,0.011851015801354399,0.5517241379310345,0.588235294117647,0,1,0,0,0
0.22963951935914553,4,1,0.7401498050482249,0.5517241379310345,0.6470588235294117,0,0,0,0,1
0.8704939919893191,3,1,0.9622409193515288,0.5517241379310345,0.8823529411764706,1,1,0,0,0
0.29238985313751664,3,0,0.11645803406525754,0.7931034482758621,1.0,1,0,0,0,1
0.8504672897196262,3,1,0.8900061563718449,0.3793103448275862,0.7058823529411764,1,0,0,1,0
0.07610146862483311,5,0,0.8860558177713934,0.41379310344827586,0.11764705882352938,0,0,1,0,0
0.8798397863818425,2,0,0.17432792940693617,1.0,0.8235294117647058,0,0,0,0,1
0.6341789052069425,4,1,0.7884773240303714,0.3793103448275862,0.7647058823529411,1,0,1,0,0
0.6074766355140186,5,0,0.23291606813051505,0.4482758620689655,1.0,1,0,0,0,1
0.48064085447263016,4,0,0.1806382105479171,0.3103448275862069,0.7647058823529411,0,0,0,0,1
0.0,4,0,0.9308947260414528,0.7586206896551724,0.23529411764705882,0,0,0,0,1
0.5153538050734312,2,1,0.16873589164785552,0.6206896551724138,0.7647058823529411,1,0,0,0,1
0.46328437917222964,3,1,0.1275395033860045,0.9655172413793103,0.411764705882353,0,0,0,0,1
0.25233644859813087,2,1,0.5586907449209932,0.034482758620689655,0.8235294117647058,0,0,1,0,0
0.6728971962616822,5,1,0.07982762158834393,0.10344827586206896,0.8235294117647058,1,0,0,0,1
0.2536715620827771,5,0,0.24050892673917504,0.6206896551724138,0.29411764705882354,0,0,1,0,0
0.6769025367156207,5,0,0.3139236609891237,0.20689655172413793,0.411764705882353,0,0,0,1,0
0.49132176234979974,2,0,0.9572132156782269,0.8620689655172413,0.29411764705882354,0,1,0,0,0
0.5447263017356475,4,0,0.6256925918325467,0.48275862068965514,0.8235294117647058,0,0,0,0,1
0.1548731642189586,4,0,0.2276318489636774,0.48275862068965514,0.11764705882352938,0,1,0,0,0
0.17757009345794392,1,1,0.897034680894726,0.7931034482758621,0.5294117647058822,0,0,1,0,0
0.07610146862483311,5,0,0.3856966960804432,0.1724137931034483,0.8235294117647058,1,0,0,1,0
0.7409879839786382,4,0,0.27739585470962447,0.06896551724137931,0.8823529411764706,1,0,0,1,0
0.9132176234979973,1,0,0.4959983583008414,0.1724137931034483,0.9411764705882353,0,0,0,1,0
0.8958611481975968,4,0,0.6209727067514877,0.5172413793103449,0.588235294117647,1,1,0,0,0
0.22963951935914553,5,1,0.6121485737738559,0.034482758620689655,0.8823529411764706,1,0,1,0,0
0.19759679572763686,3,0,0.4036014775292428,0.9310344827586207,0.23529411764705882,0,0,0,0,1
0.10547396528704939,5,0,0.15154935358095628,0.20689655172413793,0.23529411764705882,0,0,0,0,1
0.2830440587449933,2,1,0.5522265544838908,1.0,0.7647058823529411,0,0,1,0,0
0.2696929238985314,4,0,0.5173404473630208,0.3448275862068966,1.0,0,1,0,0,0
0.30440587449933243,4,0,0.5352452288118202,0.8620689655172413,0.411764705882353,0,0,0,0,1
0.9012016021361815,2,0,0.841883849784527,1.0,0.23529411764705882,1,0,1,0,0
0.30173564753004,2,0,0.5260106710445311,0.20689655172413793,0.35294117647058826,0,0,0,0,1
0.8785046728971962,3,1,0.49435665914221216,0.10344827586206896,0.8823529411764706,0,0,0,1,0
0.7089452603471295,4,1,0.3978042273753335,0.9655172413793103,0.7647058823529411,1,0,0,0,1
0.5874499332443257,4,0,0.6081469320746973,0.7931034482758621,0.23529411764705882,0,1,0,0,0
0.5353805073431241,3,1,0.8086394418222861,0.6551724137931034,0.4705882352941176,0,0,1,0,0
0.061415220293724954,1,0,0.18469115534578287,0.20689655172413793,0.1764705882352941,0,1,0,0,0
0.30974632843791716,3,0,0.2595936794582393,0.10344827586206896,0.1764705882352941,0,0,1,0,0
0.40587449933244324,5,0,0.6092242971475477,0.9655172413793103,0.8823529411764706,0,0,0,1,0
0.7009345794392523,4,0,0.3715370408372666,0.3793103448275862,0.9411764705882353,1,0,1,0,0
0.18958611481975965,2,0,0.32680073876462135,0.13793103448275862,0.8235294117647058,0,0,0,0,1
0.5527369826435247,5,1,0.3644059101169711,0.7586206896551724,0.1764705882352941,0,0,0,0,1
0.6835781041388518,4,1,0.9821465216499077,0.9655172413793103,0.29411764705882354,1,0,0,1,0
0.4966622162883845,3,0,0.6272829878924687,1.0,0.8823529411764706,0,0,1,0,0
0.7543391188251001,5,0,0.869792735481223,1.0,0.1764705882352941,1,0,0,1,0
0.3444592790387183,4,0,0.3951877693412682,0.9655172413793103,0.29411764705882354,0,0,0,0,1
0.8744993324432576,1,0,0.7127026472398933,0.8620689655172413,0.23529411764705882,1,1,0,0,0
0.6275033377837116,1,0,0.6298994459265339,0.6206896551724138,0.8823529411764706,0,0,0,1,0
0.01468624833110814,2,0,0.03139749640878309,0.8620689655172413,0.8823529411764706,0,1,0,0,0
0.43925233644859807,4,1,0.2076749435665914,0.13793103448275862,0.5294117647058822,0,1,0,0,0
0.9813084112149532,1,0,0.857120870100554,0.896551724137931,0.4705882352941176,0,0,1,0,0
0.47663551401869153,3,0,0.8064847116765853,1.0,0.1764705882352941,0,0,0,1,0
0.5433911882510013,4,0,0.7802175251385184,0.6206896551724138,0.7647058823529411,0,1,0,0,0
0.8905206942590119,3,0,0.8588138723578904,0.6896551724137931,0.1764705882352941,0,1,0,0,0
0.4966622162883845,3,0,0.19366919761953622,1.0,0.6470588235294117,0,0,1,0,0
0.009345794392523366,1,1,0.30289349476708394,0.06896551724137931,0.5294117647058822,0,0,1,0,0
0.16154873164218958,4,0,0.08819002667761132,0.896551724137931,0.1764705882352941,0,0,0,0,1
0.46328437917222964,5,1,0.9096552431766879,0.8620689655172413,1.0,1,1,0,0,0
0.9012016021361815,1,0,0.19977426636568849,0.3448275862068966,0.7058823529411764,0,0,0,0,1
0.11882510013351136,1,0,0.3559922019289965,0.20689655172413793,0.7058823529411764,0,1,0,0,0
0.863818424566088,4,0,0.6906423147958136,0.9655172413793103,0.7647058823529411,0,0,0,0,1
0.9305740987983978,4,1,0.269033449620357,0.5517241379310345,1.0,1,0,1,0,0
0.42056074766355134,3,0,0.4300225733634311,0.8275862068965517,0.0,0,0,0,1,0
0.23631508678237648,4,1,0.9726554483890827,0.27586206896551724,0.8823529411764706,1,0,1,0,0
0.719626168224299,3,0,0.7883747178329571,0.6896551724137931,0.8235294117647058,1,0,0,0,1
0.9759679572763685,1,1,0.8451159450030782,0.27586206896551724,0.23529411764705882,1,0,0,0,1
0.0534045393858478,2,0,0.6998768725631028,0.3103448275862069,0.29411764705882354,0,0,0,1,0
0.986648865153538,5,1,0.5697722142417402,0.41379310344827586,0.29411764705882354,1,1,0,0,0
0.9385847797062751,1,0,0.4168889800943977,0.48275862068965514,0.11764705882352938,1,0,0,0,1
0.6688918558077436,4,1,0.8955981941309255,0.7241379310344828,0.8823529411764706,1,0,0,0,1
0.19225634178905207,5,0,0.9693720500718244,0.13793103448275862,0.6470588235294117,1,0,0,0,1
0.26702269692923897,2,0,0.41894110404268414,0.9655172413793103,0.1764705882352941,0,0,0,1,0
0.9652870493991988,2,0,0.35188795403242357,0.06896551724137931,0.0,0,0,1,0,0
0.6141522029372496,3,1,0.46111225117997123,0.896551724137931,0.1764705882352941,1,0,0,0,1
0.9759679572763685,5,0,0.7053150010260619,0.896551724137931,0.0,0,0,0,1,0
0.7436582109479305,3,1,0.8714344346398523,0.24137931034482757,0.411764705882353,1,0,0,0,1
0.7289719626168224,1,0,0.152729324851221,0.6551724137931034,0.23529411764705882,0,1,0,0,0
0.33644859813084116,5,0,0.3623537861686845,0.3103448275862069,0.05882352941176472,0,0,0,1,0
0.5193591455273698,1,0,0.2521034270469936,0.41379310344827586,0.6470588235294117,1,0,0,0,1
0.7917222963951935,3,1,0.030525343730761337,0.9655172413793103,0.9411764705882353,0,0,0,1,0
0.3404539385847797,5,1,0.28832341473424994,0.06896551724137931,0.35294117647058826,1,0,0,0,1
0.9452603471295059,3,1,0.9367432792940693,0.9655172413793103,0.588235294117647,0,0,1,0,0
0.5994659546061415,5,0,0.6239482864765031,0.7241379310344828,0.1764705882352941,1,0,0,0,1
0.01201602136181576,3,1,0.08706135850605376,0.24137931034482757,0.23529411764705882,0,0,0,1,0
0.32176234979973295,2,1,0.8771803816950544,0.9655172413793103,0.29411764705882354,0,1,0,0,0
0.33377837116154874,3,0,0.688846706341063,0.27586206896551724,0.588235294117647,0,1,0,0,0
0.005340453938584788,2,1,0.7076749435665914,1.0,0.0,0,1,0,0,0
0.157543391188251,3,1,0.20952185512004926,0.7241379310344828,0.5294117647058822,1,0,0,0,1
0.4979973297730307,5,1,0.03401395444284835,0.6896551724137931,0.588235294117647,0,0,1,0,0
0.08544726301735647,5,1,0.7491791504206854,0.3793103448275862,0.9411764705882353,1,0,0,0,1
0.19359145527369828,5,0,0.8958034065257542,0.3448275862068966,0.411764705882353,1,1,0,0,0
0.2977303070761015,4,0,0.43181818181818177,0.034482758620689655,0.7058823529411764,0,0,0,1,0
0.31775700934579443,1,1,0.7788836445721321,0.5862068965517241,1.0,0,1,0,0,0
0.23497997329773032,5,0,0.054740406320541765,0.27586206896551724,0.8823529411764706,0,0,0,1,0
0.3751668891855807,2,1,0.2699056022983788,0.034482758620689655,0.05882352941176472,1,0,1,0,0
0.08277703604806408,5,1,0.8263390108762569,0.034482758620689655,0.23529411764705882,1,0,0,1,0
0.2883845126835781,4,1,0.40780833162323005,0.06896551724137931,1.0,1,0,0,0,1
0.918558077436582,2,1,0.6626821260004104,0.5172413793103449,0.11764705882352938,0,0,0,0,1
0.6141522029372496,4,0,0.06982351734044737,0.6206896551724138,0.9411764705882353,1,0,0,0,1
0.8130841121495327,2,0,0.23117176277447157,0.10344827586206896,0.8823529411764706,0,0,0,1,0
0.13885180240320427,3,0,0.08993433203365483,0.7586206896551724,0.29411764705882354,0,0,0,0,1
0.1308411214953271,1,0,0.02652370203160271,0.8275862068965517,0.35294117647058826,1,0,0,0,1
0.6809078771695594,1,0,0.6019905602298379,0.5862068965517241,1.0,1,0,0,0,1
0.5126835781041388,4,0,0.539298173609686,0.6551724137931034,0.7647058823529411,1,0,1,0,0
0.5393858477970627,1,1,0.7534373076133798,0.8275862068965517,0.29411764705882354,0,0,0,1,0
0.6902536715620827,4,1,0.37097270675148775,1.0,0.411764705882353,1,0,0,1,0
0.6341789052069425,4,0,0.0564334085778781,0.5862068965517241,0.8235294117647058,1,1,0,0,0
0.9452603471295059,4,0,0.030525343730761337,0.3103448275862069,0.8235294117647058,1,0,0,1,0
0.8598130841121495,1,1,0.7154217114713729,0.3448275862068966,0.8235294117647058,1,0,1,0,0
0.582109479305741,4,0,0.6278986250769546,0.9655172413793103,0.8823529411764706,0,0,0,1,0
0.029372496662216294,1,0,0.29648060742868865,0.5517241379310345,0.0,0,0,1,0,0
0.7530040053404539,4,0,0.5538169505438129,0.8620689655172413,0.588235294117647,0,0,1,0,0
0.9025367156208277,5,0,0.32084957931459057,0.7931034482758621,0.23529411764705882,0,0,0,1,0
0.951935914552737,4,0,0.5324235583829263,0.8275862068965517,0.23529411764705882,0,1,0,0,0
0.6101468624833111,2,1,0.45033860045146723,0.7586206896551724,0.29411764705882354,1,0,0,0,1
0.10947930574098799,4,0,0.33613790272932487,0.7931034482758621,0.05882352941176472,1,0,0,0,1
0.19225634178905207,3,0,0.6495998358300842,0.6551724137931034,0.29411764705882354,0,0,0,1,0
0.11214953271028039,4,0,0.49235583829263285,0.5172413793103449,0.7647058823529411,1,0,0,1,0
0.10280373831775702,2,0,0.795659757849374,0.6551724137931034,0.588235294117647,0,0,1,0,0
0.6088117489986649,2,1,0.24851221013749228,0.41379310344827586,0.1764705882352941,0,0,0,1,0
0.0,1,1,0.33875436076339005,0.034482758620689655,0.4705882352941176,0,0,1,0,0
0.06675567423230974,5,1,0.5258054586497024,0.7931034482758621,0.11764705882352938,1,1,0,0,0
0.9132176234979973,4,0,0.8229530063615842,0.896551724137931,0.8823529411764706,1,0,0,1,0
0.9559412550066756,1,1,0.6547301457008003,0.034482758620689655,0.588235294117647,1,0,0,0,1
0.5941255006675566,5,1,0.15308844654217113,0.8275862068965517,0.1764705882352941,0,0,0,0,1
0.5981308411214953,4,1,0.02041863328545044,0.4482758620689655,0.0,0,0,0,1,0
0.6502002670226968,3,0,0.9869177098296738,0.10344827586206896,0.8823529411764706,0,0,1,0,0
0.044058744993324434,4,0,0.5342704699363842,0.5517241379310345,0.8823529411764706,1,0,0,0,1
0.46328437917222964,2,0,0.17494356659142213,0.41379310344827586,0.588235294117647,0,0,1,0,0
0.12550066755674233,2,1,0.8433203365483275,0.10344827586206896,0.411764705882353,1,0,0,1,0
0.09479305740987984,3,0,0.09609070387851426,0.06896551724137931,0.0,0,0,0,1,0
0.7343124165554071,1,0,0.22039811204596757,0.3793103448275862,0.4705882352941176,0,0,0,0,1
0.2042723631508678,5,1,0.19320746973117175,0.7241379310344828,0.6470588235294117,0,0,0,1,0
0.3324432576769025,4,1,0.294992817566181,0.7586206896551724,0.411764705882353,1,1,0,0,0
0.8985313751668892,2,1,0.6406217935563308,0.24137931034482757,0.9411764705882353,1,1,0,0,0
0.5834445927903872,1,0,0.06931048635337574,0.034482758620689655,0.5294117647058822,1,0,0,0,1
0.1562082777036048,3,1,0.3383439359737328,0.1724137931034483,0.35294117647058826,0,1,0,0,0
0.40720961281708945,2,0,0.7535912169095014,0.7241379310344828,0.29411764705882354,0,0,1,0,0
0.356475300400534,3,0,0.22106505232916068,0.3103448275862069,1.0,1,0,0,0,1
0.07076101468624832,4,0,0.7851939257131131,0.3793103448275862,0.8235294117647058,1,0,0,0,1
0.3137516688918558,5,0,0.5536630412476914,0.6896551724137931,0.05882352941176472,0,0,1,0,0
0.5180240320427236,2,0,0.1504206854093987,0.3103448275862069,0.7647058823529411,0,1,0,0,0
0.9786381842456607,2,1,0.841576031192284,0.3103448275862069,0.5294117647058822,1,1,0,0,0
0.5340453938584779,4,0,0.5331418017648266,0.7586206896551724,0.8823529411764706,0,1,0,0,0
0.8317757009345794,1,1,0.9024728093576851,0.06896551724137931,0.35294117647058826,1,0,0,0,1
0.4032042723631508,5,0,0.4585470962446132,0.6551724137931034,0.411764705882353,0,0,0,0,1
0.2750333778371161,2,0,0.8816950543812846,0.3103448275862069,0.5294117647058822,0,1,0,0,0
0.30440587449933243,5,0,0.42699569053970854,0.9655172413793103,0.8235294117647058,1,0,0,1,0
0.7703604806408544,2,0,0.5451980299610096,0.27586206896551724,0.411764705882353,0,1,0,0,0
0.09879839786381842,5,0,0.2636466242561051,0.6551724137931034,0.7058823529411764,0,0,1,0,0
0.5794392523364486,3,0,0.18823106915657706,0.6206896551724138,0.6470588235294117,1,0,0,0,1
0.13618157543391188,2,0,0.3739995895752103,0.4482758620689655,0.411764705882353,0,0,1,0,0
0.562082777036048,5,0,0.7919146316437513,0.034482758620689655,0.8235294117647058,1,0,1,0,0
0.9385847797062751,1,0,0.627385594089883,0.13793103448275862,0.6470588235294117,1,0,0,0,1
0.9839786381842456,3,1,0.9480812641083521,0.6551724137931034,0.588235294117647,0,0,0,1,0
0.40720961281708945,3,0,0.7443566591422122,0.9655172413793103,0.7647058823529411,0,1,0,0,0
0.1295060080106809,1,1,0.5698235173404473,0.9655172413793103,1.0,0,0,1,0,0
0.445927903871829,5,1,0.4331007592858609,0.24137931034482757,0.7058823529411764,1,0,0,0,1
0.5794392523364486,4,1,0.8004822491278473,0.20689655172413793,0.1764705882352941,1,0,1,0,0
0.5954606141522029,1,1,0.6681715575620768,0.1724137931034483,0.9411764705882353,0,1,0,0,0
0.40987983978638187,5,0,0.4780935768520419,0.3448275862068966,0.4705882352941176,0,0,0,1,0
0.3311081441922563,1,1,0.27872973527601064,0.3793103448275862,0.35294117647058826,0,0,0,1,0
0.22029372496662217,1,1,0.43561461112251176,0.5862068965517241,0.0,1,0,0,1,0
0.6408544726301735,2,0,0.34316642725220603,0.6206896551724138,0.35294117647058826,0,0,0,0,1
0.445927903871829,5,0,0.14164785553047404,0.3103448275862069,0.35294117647058826,0,0,0,0,1
0.7222963951935915,4,0,0.16617073671249744,0.8275862068965517,0.35294117647058826,1,0,0,1,0
0.14018691588785046,2,1,0.15673096655037963,0.9655172413793103,0.411764705882353,0,1,0,0,0
0.7503337783711616,1,1,0.8686640673096655,0.8275862068965517,0.8823529411764706,1,1,0,0,0
0.1068090787716956,1,0,0.2858608659963061,0.6896551724137931,0.11764705882352938,0,0,0,0,1
0.17623497997329773,1,0,0.2774984609070388,0.4482758620689655,0.7058823529411764,0,0,0,1,0
0.1829105473965287,5,0,0.08131541145085162,0.06896551724137931,0.5294117647058822,0,1,0,0,0
0.2443257676902537,5,0,0.5136466242561051,0.5862068965517241,1.0,1,1,0,0,0
0.5340453938584779,2,1,0.30361173814898423,0.7931034482758621,0.35294117647058826,0,1,0,0,0
0.43925233644859807,4,0,0.5995280114918942,0.48275862068965514,0.23529411764705882,0,0,0,0,1
0.6769025367156207,2,0,0.22609275600246256,0.1724137931034483,0.35294117647058826,0,0,0,1,0
0.09078771695594126,3,0,0.29658321362610296,0.3103448275862069,0.9411764705882353,0,0,1,0,0
0.7276368491321762,1,1,0.036425200082084955,0.896551724137931,0.1764705882352941,1,0,0,1,0
0.06942590120160214,1,0,0.277241945413503,0.3793103448275862,0.8823529411764706,0,0,0,1,0
0.5994659546061415,1,1,0.6176380053355223,0.20689655172413793,0.5294117647058822,0,0,0,0,1
0.2723631508678238,2,0,0.12471783295711061,0.5517241379310345,0.11764705882352938,0,1,0,0,0
0.16688918558077437,2,0,0.16924892263492713,0.0,0.11764705882352938,0,1,0,0,0
0.9959946595460613,1,0,0.8542991996716601,0.8620689655172413,0.9411764705882353,1,0,0,0,1
0.05607476635514019,2,0,0.5942950954237636,0.5862068965517241,0.5294117647058822,1,0,0,0,1
0.14686248331108145,5,0,0.8958034065257542,0.8620689655172413,0.9411764705882353,0,0,0,0,1
0.883845126835781,5,1,0.27293248512210133,0.48275862068965514,0.9411764705882353,1,0,0,0,1
0.24299065420560748,2,1,0.7146521649907654,0.6206896551724138,0.1764705882352941,1,0,0,0,1
0.12550066755674233,1,1,0.26959778370613585,0.9310344827586207,0.29411764705882354,0,0,1,0,0
0.4979973297730307,2,0,0.7044428483480402,0.0,0.6470588235294117,0,0,0,1,0
0.6929238985313751,2,1,0.6857172173199261,1.0,0.9411764705882353,1,0,0,1,0
0.47930574098798395,2,0,0.5014877898625077,0.13793103448275862,0.9411764705882353,0,0,0,1,0
0.9279038718291054,3,0,0.5770059511594501,0.48275862068965514,0.5294117647058822,0,1,0,0,0
0.3738317757009346,5,0,0.6607326082495383,0.06896551724137931,0.35294117647058826,0,0,1,0,0
0.2590120160213618,4,0,0.491740201108147,0.0,0.8823529411764706,1,0,0,1,0
0.2590120160213618,4,1,0.45090293453724606,0.24137931034482757,0.7058823529411764,0,1,0,0,0
0.8891855807743658,3,0,0.4464908680484301,0.3793103448275862,0.11764705882352938,0,0,1,0,0
0.12283044058744993,2,0,0.4748614816334906,0.896551724137931,0.05882352941176472,0,0,1,0,0
0.8958611481975968,3,1,0.40175456597578496,0.7241379310344828,0.8823529411764706,1,1,0,0,0
0.08010680907877168,3,0,0.9885081058895957,0.8275862068965517,0.29411764705882354,0,0,1,0,0
0.8451268357810413,1,0,0.7307100348861071,0.6206896551724138,0.29411764705882354,0,1,0,0,0
0.06675567423230974,5,0,0.9765544838908269,0.8275862068965517,0.7058823529411764,1,0,0,1,0
0.5367156208277704,4,1,0.8081264108352144,0.8275862068965517,0.35294117647058826,1,1,0,0,0
0.005340453938584788,2,1,0.4759901498050483,0.3793103448275862,0.23529411764705882,0,0,1,0,0
0.6208277703604806,4,0,0.645136466242561,0.41379310344827586,0.35294117647058826,1,0,0,1,0
0.8050734312416555,4,0,0.12887338395239073,0.9310344827586207,0.05882352941176472,1,0,0,1,0
0.9092122830440587,5,0,0.2035193925713113,0.0,0.9411764705882353,1,0,0,0,1
0.7116154873164219,4,1,0.23414734249948696,0.6206896551724138,0.7058823529411764,0,0,0,0,1
0.5393858477970627,4,0,0.11255899856351323,0.1724137931034483,0.8823529411764706,0,0,1,0,0
0.6835781041388518,3,0,0.8809255079006771,0.24137931034482757,0.05882352941176472,1,1,0,0,0
0.8598130841121495,5,0,0.5819310486353376,0.10344827586206896,0.23529411764705882,1,1,0,0,0
0.30974632843791716,1,0,0.06705315001026062,0.13793103448275862,1.0,0,0,1,0,0
0.6982643524699599,2,0,0.04422327108557357,0.8275862068965517,0.35294117647058826,1,0,0,1,0
0.4606141522029372,4,1,0.6183562487174226,0.7241379310344828,0.588235294117647,0,0,1,0,0
0.06008010680907877,2,0,0.27636979273548123,0.9310344827586207,0.588235294117647,0,0,1,0,0
0.7276368491321762,1,0,0.6009644982556946,0.20689655172413793,0.9411764705882353,0,0,0,1,0
0.10280373831775702,2,1,0.6144059101169711,0.7586206896551724,0.8823529411764706,0,1,0,0,0
0.9732977303070761,1,1,0.1539605992201929,0.10344827586206896,0.7058823529411764,1,0,1,0,0
0.09612817089452602,3,0,0.7270675148778987,0.6551724137931034,0.23529411764705882,0,1,0,0,0
0.3311081441922563,4,0,0.7064436691976196,0.10344827586206896,0.8823529411764706,1,0,1,0,0
0.061415220293724954,1,0,0.9036014775292428,1.0,0.8823529411764706,0,0,0,1,0
0.1602136181575434,2,1,0.4082187564128873,0.48275862068965514,0.8823529411764706,0,0,0,1,0
0.2843791722296395,4,0,0.6145085163143854,0.896551724137931,0.7647058823529411,1,0,0,0,1
0.31775700934579443,3,1,0.9795300636158424,0.6896551724137931,0.29411764705882354,0,0,0,1,0
0.07343124165554071,4,1,0.3375230863944182,0.13793103448275862,0.05882352941176472,1,0,0,0,1
0.46595460614152195,1,0,0.8620459675764416,0.7931034482758621,0.7647058823529411,0,0,1,0,0
0.14152202937249667,3,0,0.5111327724194541,0.27586206896551724,0.8823529411764706,1,1,0,0,0
0.06275033377837116,2,0,0.6032218345988097,0.034482758620689655,0.7058823529411764,0,0,0,1,0
0.7636849132176234,3,0,0.7654422327108558,0.896551724137931,0.8235294117647058,0,0,0,1,0
0.44859813084112143,3,0,0.04843012517956084,0.20689655172413793,0.6470588235294117,0,0,0,1,0
0.03337783711615487,5,1,0.9345372460496614,0.5517241379310345,0.4705882352941176,1,0,1,0,0
0.3417890520694259,3,1,0.08013544018058691,0.5172413793103449,1.0,0,0,0,0,1
0.009345794392523366,3,0,0.37605171352349676,0.5517241379310345,0.7647058823529411,0,0,1,0,0
0.8331108144192256,4,1,0.2535399138107942,0.6551724137931034,0.1764705882352941,1,1,0,0,0
0.33644859813084116,2,0,0.8236712497434845,0.8620689655172413,0.411764705882353,0,0,1,0,0
0.9225634178905207,4,0,0.7118304945618715,0.7586206896551724,0.411764705882353,0,1,0,0,0
0.9586114819759678,4,0,0.5200595115945003,0.034482758620689655,0.8823529411764706,1,0,0,1,0
0.4032042723631508,1,1,0.06700184691155346,0.3448275862068966,0.5294117647058822,1,1,0,0,0
0.8518024032042724,4,1,0.993638415760312,0.034482758620689655,0.9411764705882353,1,1,0,0,0
0.07343124165554071,5,1,0.8602503591216909,0.0,0.0,1,0,0,0,1
0.9679572763684913,5,0,0.16704288939051917,0.8620689655172413,1.0,0,1,0,0,0
0.7009345794392523,1,0,0.24671660168274165,0.034482758620689655,0.5294117647058822,0,1,0,0,0
0.6315086782376501,2,0,0.34347424584444897,0.9655172413793103,0.1764705882352941,1,0,1,0,0
0.036048064085447265,2,0,0.8092037759080648,0.7586206896551724,0.0,0,0,0,1,0
0.10280373831775702,4,1,0.5662323004309461,0.27586206896551724,0.1764705882352941,0,0,1,0,0
0.2870493991989319,4,1,0.07372255284219166,0.7241379310344828,0.1764705882352941,0,0,1,0,0
0.514018691588785,4,1,0.5967576441617074,0.8620689655172413,0.1764705882352941,1,0,0,1,0
0.4859813084112149,2,0,0.0027190642314795822,0.034482758620689655,0.9411764705882353,0,0,0,1,0
0.8878504672897196,3,0,0.005284219166837679,0.9310344827586207,0.4705882352941176,1,1,0,0,0
0.7009345794392523,5,0,0.16411861276421094,0.48275862068965514,0.7058823529411764,0,1,0,0,0
0.931909212283044,3,0,0.7788836445721321,0.3103448275862069,0.1764705882352941,0,0,0,0,1
0.4152202937249666,3,0,0.03421916683767699,0.48275862068965514,0.23529411764705882,0,0,1,0,0
0.008010680907877168,2,1,0.649548532731377,0.3103448275862069,0.7058823529411764,0,0,0,1,0
0.002670226969292394,3,1,0.049456187153704076,0.9655172413793103,0.8823529411764706,1,1,0,0,0
0.8304405874499332,1,0,0.8561974143238251,0.8275862068965517,0.23529411764705882,0,0,0,1,0
0.9999999999999999,4,0,0.9501333880566386,0.7586206896551724,0.411764705882353,1,1,0,0,0
0.4833110814419225,1,0,0.597886312333265,0.896551724137931,0.8823529411764706,0,0,0,0,1
0.6769025367156207,5,0,0.8152575415555099,0.5517241379310345,0.0,0,0,0,0,1
0.36448598130841126,4,1,0.671403652780628,0.9310344827586207,0.29411764705882354,1,0,0,1,0
0.6742323097463284,3,0,0.8460394007798071,0.27586206896551724,0.588235294117647,0,0,0,0,1
0.9853137516688918,5,0,0.18623024830699775,0.5862068965517241,0.8823529411764706,1,0,0,1,0
0.01869158878504673,4,0,0.29150420685409395,0.10344827586206896,0.23529411764705882,1,1,0,0,0
0.2550066755674232,3,1,0.6804843012517956,0.27586206896551724,0.8823529411764706,0,0,1,0,0
0.8411214953271028,1,0,0.9386927970449415,0.5172413793103449,0.35294117647058826,0,0,0,0,1
0.6461949265687583,4,0,0.8689718859019084,0.10344827586206896,0.0,0,1,0,0,0
0.036048064085447265,3,0,0.005232916068130516,0.5172413793103449,0.4705882352941176,0,0,1,0,0
0.951935914552737,1,1,0.10491483685614611,0.6206896551724138,1.0,0,0,1,0,0
0.050734312416555405,5,1,0.847886312333265,0.0,0.7058823529411764,1,0,1,0,0
0.36315086782376504,5,0,0.8852349681920788,0.7586206896551724,0.8235294117647058,0,1,0,0,0
0.30707610146862485,5,1,0.8557356864354607,0.1724137931034483,0.11764705882352938,1,1,0,0,0
0.11348464619492657,5,1,0.45326287707777546,0.3103448275862069,0.5294117647058822,1,0,0,1,0
0.6315086782376501,2,1,0.7903242355838292,0.5172413793103449,0.4705882352941176,1,0,1,0,0
0.16688918558077437,4,1,0.327313769751693,0.10344827586206896,0.7058823529411764,0,0,1,0,0
0.7156208277703604,4,1,0.9692694438744099,0.7241379310344828,0.8823529411764706,1,0,1,0,0
0.19225634178905207,2,0,0.040067720090293454,0.7241379310344828,0.11764705882352938,0,0,0,1,0
0.6995994659546061,3,1,0.018879540324235583,0.41379310344827586,0.8235294117647058,1,0,1,0,0
0.2817089452603472,3,0,0.8160270880361173,0.5172413793103449,0.9411764705882353,0,1,0,0,0
0.032042723631508674,5,1,0.024830699774266364,0.6551724137931034,0.7647058823529411,1,0,1,0,0
0.7730307076101468,1,0,0.7437923250564334,1.0,0.35294117647058826,0,0,0,0,1
0.5246995994659546,3,1,0.16386209727067513,0.9655172413793103,0.8823529411764706,1,1,0,0,0
0.08811748998664887,1,1,0.4899445926533963,0.1724137931034483,0.411764705882353,1,0,0,1,0
0.30974632843791716,4,0,0.11589369997947876,0.8620689655172413,0.1764705882352941,0,0,1,0,0
0.14419225634178906,1,1,0.5546378001231275,0.3448275862068966,0.8235294117647058,0,0,0,0,1
0.19359145527369828,4,0,0.4692181407757028,0.7931034482758621,0.23529411764705882,0,0,0,1,0
0.14686248331108145,2,1,0.43966755592037754,0.9655172413793103,0.7058823529411764,1,0,0,1,0
0.3030707610146862,2,0,0.7698542991996716,0.06896551724137931,0.29411764705882354,0,1,0,0,0
0.14686248331108145,5,0,0.6711984403857993,0.6551724137931034,0.23529411764705882,1,0,0,1,0
0.6261682242990654,3,1,0.852657500513031,0.3103448275862069,0.9411764705882353,1,0,0,1,0
0.044058744993324434,5,0,0.35096449825569465,0.9655172413793103,0.35294117647058826,0,0,0,1,0
0.8304405874499332,4,1,0.05658731787399959,0.9310344827586207,0.29411764705882354,0,0,0,1,0
0.49132176234979974,5,0,0.9115534578288529,1.0,0.05882352941176472,1,0,1,0,0
0.9973297730307075,1,0,0.5355530474040632,0.0,0.588235294117647,0,0,1,0,0
0.7930574098798397,4,0,0.49851221013749236,0.6551724137931034,0.35294117647058826,1,0,1,0,0
0.7383177570093458,2,0,0.9259696285655653,0.3448275862068966,0.411764705882353,1,0,1,0,0
0.5660881174899866,3,0,0.1379540324235584,0.8620689655172413,0.23529411764705882,0,0,0,0,1
0.8170894526034712,4,0,0.6085573568643546,0.8620689655172413,1.0,0,0,1,0,0
0.6902536715620827,4,0,0.10229837882208084,0.3793103448275862,0.8823529411764706,1,0,0,1,0
0.9225634178905207,1,0,0.0730043094602914,0.4482758620689655,0.7647058823529411,0,0,1,0,0
0.3751668891855807,3,1,0.8401395444284835,0.8275862068965517,0.6470588235294117,1,0,1,0,0
0.4259012016021362,2,1,0.3512723168479376,0.24137931034482757,0.9411764705882353,1,1,0,0,0
0.9839786381842456,4,0,0.1664785553047404,0.3448275862068966,0.23529411764705882,1,0,0,1,0
0.5901201602136181,4,1,0.9734249948696901,0.10344827586206896,0.7647058823529411,0,0,1,0,0
0.41922563417890524,1,0,0.07633901087625693,0.9310344827586207,0.29411764705882354,0,0,1,0,0
0.9879839786381842,5,1,0.9032423558382926,0.20689655172413793,0.8235294117647058,0,0,1,0,0
0.5020026702269692,2,1,0.9731684793761542,0.3103448275862069,0.35294117647058826,1,0,0,0,1
0.3845126835781041,3,1,0.9976400574594706,0.6206896551724138,0.7647058823529411,0,0,1,0,0
0.582109479305741,4,0,0.7340447363020727,0.8275862068965517,1.0,0,1,0,0,0
0.8825100133511348,4,1,0.8831315411450852,0.8620689655172413,0.0,1,0,0,1,0
0.3684913217623498,2,0,0.7900164169915863,0.10344827586206896,0.29411764705882354,0,0,0,1,0
0.9465954606141521,5,1,0.6608865175456597,0.034482758620689655,0.11764705882352938,1,0,1,0,0
0.7757009345794392,4,0,0.9656269238662015,0.8620689655172413,0.23529411764705882,1,0,1,0,0
0.6702269692923898,2,1,0.24589575210342704,0.6896551724137931,0.6470588235294117,0,0,1,0,0
0.8317757009345794,1,1,0.08434229427457418,0.5862068965517241,0.588235294117647,0,0,0,1,0
0.6875834445927903,5,1,0.8280320131335932,0.4482758620689655,0.7058823529411764,0,0,0,1,0
0.46595460614152195,3,0,0.7338395239072439,0.8620689655172413,0.8823529411764706,0,0,0,0,1
0.5941255006675566,4,1,0.8630207264518777,0.5172413793103449,1.0,1,1,0,0,0
0.46595460614152195,2,0,0.30545864970244196,0.7241379310344828,0.9411764705882353,0,0,0,0,1
0.8090787716955941,1,1,0.7144469525959368,0.3448275862068966,0.9411764705882353,0,1,0,0,0
0.8851802403204272,3,0,0.4986148163349067,0.3103448275862069,0.588235294117647,0,0,0,0,1
0.1815754339118825,2,0,0.5722860660783912,0.5517241379310345,0.5294117647058822,0,0,0,1,0
0.32309746328437916,2,0,0.12133182844243792,0.4482758620689655,0.8823529411764706,1,0,0,0,1
0.7236315086782376,3,0,0.3434229427457418,0.7241379310344828,0.05882352941176472,0,1,0,0,0
0.0520694259012016,1,0,0.26616047609275595,0.10344827586206896,0.9411764705882353,0,0,1,0,0
0.30440587449933243,1,0,0.23912374307408166,0.6206896551724138,0.5294117647058822,0,1,0,0,0
0.7303070761014686,5,0,0.36219987687256305,0.034482758620689655,0.7058823529411764,0,0,1,0,0
0.2963951935914553,4,1,0.22209111430330392,0.20689655172413793,0.6470588235294117,0,0,0,1,0
0.006675567423230971,3,1,0.9961009644982557,0.27586206896551724,0.8235294117647058,0,1,0,0,0
0.4285714285714286,3,0,0.6093782064436692,0.9310344827586207,0.35294117647058826,0,0,0,0,1
0.623497997329773,3,0,0.8333675353991381,0.6206896551724138,0.7058823529411764,1,1,0,0,0
0.9759679572763685,1,0,0.16724810178534782,0.5172413793103449,0.6470588235294117,0,0,1,0,0
0.09879839786381842,4,0,0.6832546685819824,0.7241379310344828,0.6470588235294117,0,0,0,1,0
0.004005340453938591,5,1,0.9485429919967165,0.8275862068965517,0.05882352941176472,1,0,0,0,1
0.8611481975967957,2,1,0.3608659963061769,0.5172413793103449,0.23529411764705882,0,1,0,0,0
0.1562082777036048,2,0,0.9813769751693002,0.5862068965517241,0.05882352941176472,0,0,1,0,0
0.8077436582109478,3,0,0.23984198645598195,0.7586206896551724,0.7058823529411764,1,0,0,0,1
0.671562082777036,4,0,0.40888569669608044,0.6896551724137931,0.11764705882352938,0,0,0,1,0
0.7650200267022697,1,1,0.7863225938846706,0.6896551724137931,0.588235294117647,1,0,0,0,1
0.5874499332443257,4,1,0.21865380668992407,0.3448275862068966,0.8823529411764706,0,0,0,1,0
0.2576769025367156,4,0,0.16063000205212394,0.20689655172413793,0.0,0,0,0,0,1
0.9532710280373832,1,0,0.5956289759901499,0.27586206896551724,0.588235294117647,1,1,0,0,0
0.5220293724966621,3,1,0.9156064026267187,0.10344827586206896,0.4705882352941176,0,0,1,0,0
0.03337783711615487,4,1,0.9538785142622614,0.8275862068965517,0.7647058823529411,0,1,0,0,0
0.5794392523364486,2,0,0.7262466652985841,1.0,0.4705882352941176,0,1,0,0,0
0.22963951935914553,1,0,0.49933305971680686,0.41379310344827586,0.35294117647058826,0,0,0,1,0
0.3991989319092123,5,0,0.08654832751898214,0.896551724137931,0.8823529411764706,1,0,0,1,0
0.8598130841121495,3,0,0.5007695464806075,0.8620689655172413,0.11764705882352938,0,0,0,1,0
0.43391188251001334,1,0,0.39631643751282575,0.8275862068965517,0.1764705882352941,0,1,0,0,0
0.5460614152202937,5,0,0.39821465216499075,0.9655172413793103,0.35294117647058826,1,0,0,0,1
0.1562082777036048,5,0,0.666991586291812,0.10344827586206896,0.6470588235294117,0,0,0,0,1
0.9652870493991988,4,0,0.041863328545044126,0.6206896551724138,1.0,1,1,0,0,0
0.2990654205607477,4,1,0.7406628360352965,0.034482758620689655,0.23529411764705882,1,1,0,0,0
0.7089452603471295,4,0,0.7733942130104658,0.27586206896551724,0.5294117647058822,0,0,1,0,0
0.14953271028037382,1,0,0.23183870305766466,0.3793103448275862,0.6470588235294117,0,0,0,1,0
0.18558077436582107,1,0,0.05756207674943567,0.034482758620689655,0.411764705882353,0,0,0,1,0
0.7449933244325767,3,0,0.2902729324851221,0.1724137931034483,0.8235294117647058,0,1,0,0,0
0.0,4,1,0.289298173609686,0.13793103448275862,0.0,1,1,0,0,0
0.11882510013351136,5,0,0.8983685614611122,1.0,0.11764705882352938,0,0,0,0,1
0.8718291054739652,2,0,0.08721526780217524,0.13793103448275862,1.0,1,1,0,0,0
0.4259012016021362,3,1,0.9431048635337574,0.6551724137931034,1.0,0,0,0,0,1
0.7329773030707609,1,0,0.5713626103016622,0.7241379310344828,0.05882352941176472,0,1,0,0,0
0.18424566088117492,3,1,0.805458649702442,0.13793103448275862,0.23529411764705882,0,0,1,0,0
0.6809078771695594,3,0,0.3345475066694028,0.896551724137931,0.0,0,0,1,0,0
0.3444592790387183,3,0,0.635901908475272,0.10344827586206896,0.5294117647058822,0,0,0,0,1
0.897196261682243,3,0,0.4160168274163759,0.9655172413793103,0.5294117647058822,0,0,0,1,0
0.9198931909212282,2,0,0.12307613379848142,0.27586206896551724,0.23529411764705882,1,0,1,0,0
0.01201602136181576,4,1,0.48630207264518777,0.9655172413793103,1.0,1,0,0,0,1
0.3471295060080106,5,1,0.5163656884875847,0.7241379310344828,0.8235294117647058,1,1,0,0,0
0.8664886515353805,3,0,0.6861276421095834,0.896551724137931,0.411764705882353,0,1,0,0,0
0.22830440587449932,3,0,0.7091114303303919,0.3103448275862069,0.9411764705882353,0,0,0,0,1
0.016021361815754337,3,1,0.6896162528216704,0.5172413793103449,0.6470588235294117,0,0,0,1,0
0.22296395193591453,4,1,0.660630002052124,0.3103448275862069,0.6470588235294117,0,0,0,0,1
0.8558077436582109,1,0,0.8264929201723784,0.9655172413793103,0.0,1,0,0,0,1
0.794392523364486,1,0,0.02754976400574595,0.3103448275862069,0.1764705882352941,0,0,1,0,0
0.4272363150867824,2,0,0.5628975990149805,0.9655172413793103,0.411764705882353,0,0,0,0,1
0.42456608811748997,1,1,0.7102400985019495,0.6206896551724138,0.0,0,0,0,0,1
0.8170894526034712,3,0,0.28796429304329985,0.3103448275862069,0.8235294117647058,0,1,0,0,0
0.43791722296395186,3,0,0.8215678226964909,0.1724137931034483,1.0,0,0,1,0,0
0.7329773030707609,3,1,0.15154935358095628,1.0,0.0,0,1,0,0,0
0.5580774365821094,2,0,0.4142725220603324,0.5517241379310345,0.588235294117647,0,1,0,0,0
0.8077436582109478,3,0,0.1908475271906423,0.13793103448275862,0.05882352941176472,0,0,0,1,0
0.12550066755674233,1,0,0.6185614611122512,0.8620689655172413,0.0,0,0,0,1,0
0.774365821094793,4,0,0.2608762569259183,0.1724137931034483,0.6470588235294117,1,0,1,0,0
0.42323097463284376,4,0,0.5302688282372255,0.896551724137931,0.8823529411764706,0,0,1,0,0
0.3137516688918558,5,0,0.11122511799712703,0.7931034482758621,0.5294117647058822,0,0,0,1,0
0.4445927903871829,1,0,0.1738662015185717,0.896551724137931,1.0,0,0,0,1,0
0.5006675567423231,3,0,0.35604350502770366,0.48275862068965514,0.8235294117647058,0,0,0,1,0
0.6114819759679573,4,1,0.9233531705315001,0.8275862068965517,0.9411764705882353,1,0,0,1,0
0.1815754339118825,1,1,0.708187974553663,0.896551724137931,0.5294117647058822,0,0,0,1,0
0.7837116154873164,4,0,0.7587728298789247,0.6206896551724138,0.11764705882352938,1,1,0,0,0
0.7289719626168224,3,0,0.6570387851426226,0.5862068965517241,0.8823529411764706,0,0,1,0,0
0.6835781041388518,4,0,0.7620049250974759,0.9655172413793103,0.29411764705882354,0,1,0,0,0
0.39385847797062745,5,0,0.4671660168274163,0.10344827586206896,0.11764705882352938,1,1,0,0,0
0.4259012016021362,5,0,0.3312128052534373,0.24137931034482757,0.4705882352941176,0,0,0,0,1
0.7623497997329772,4,1,0.1412887338395239,0.896551724137931,0.588235294117647,0,1,0,0,0
0.46461949265687574,1,0,0.3514775292427662,0.5172413793103449,0.7058823529411764,0,0,0,1,0
0.30440587449933243,1,0,0.3953929817360968,0.7931034482758621,1.0,0,0,0,1,0
0.3591455273698264,1,0,0.9397701621177919,0.6206896551724138,0.1764705882352941,1,0,0,0,1
0.3871829105473965,4,1,0.9990252411245639,0.6551724137931034,0.411764705882353,0,0,0,0,1
0.9666221628838451,1,0,0.6589883028934947,0.06896551724137931,0.7058823529411764,0,0,0,0,1
0.21895861148197596,3,1,0.8901087625692592,0.3103448275862069,0.5294117647058822,1,0,0,0,1
0.005340453938584788,5,0,0.3742561050687462,0.034482758620689655,0.05882352941176472,1,0,0,0,1
0.5046728971962616,3,1,0.8338805663862097,0.10344827586206896,0.411764705882353,0,1,0,0,0
0.10280373831775702,1,1,0.16422121896162528,0.1724137931034483,0.29411764705882354,0,0,0,0,1
0.5460614152202937,3,0,0.33331623230043095,0.3448275862068966,0.8823529411764706,0,1,0,0,0
0.7650200267022697,1,0,0.2652883234147342,0.4482758620689655,1.0,1,0,1,0,0
0.17489986648865152,4,0,0.8860558177713934,0.5172413793103449,0.9411764705882353,1,0,0,0,1
0.8010680907877169,3,0,0.597578493741022,0.896551724137931,0.29411764705882354,1,0,0,0,1
0.9986648865153537,4,1,0.4705007182433819,0.6896551724137931,0.7058823529411764,1,1,0,0,0
0.054739652870493996,4,1,0.3786168684588549,0.6206896551724138,0.7647058823529411,0,0,1,0,0
0.11748998664886515,2,1,0.04099117586702236,0.034482758620689655,0.5294117647058822,0,1,0,0,0
0.5353805073431241,1,1,0.4223271085573569,0.8275862068965517,0.588235294117647,0,1,0,0,0
0.39385847797062745,5,0,0.7128565565360148,0.5517241379310345,0.7058823529411764,1,0,0,0,1
0.39252336448598135,1,0,0.7795505848553252,0.27586206896551724,0.6470588235294117,0,0,0,1,0
0.8210947930574098,5,1,0.5113379848142828,0.5517241379310345,0.4705882352941176,0,0,0,1,0
0.7009345794392523,1,0,0.16411861276421094,0.48275862068965514,0.1764705882352941,0,1,0,0,0
0.9212283044058744,4,1,0.8583521444695259,1.0,0.35294117647058826,1,0,0,0,1
0.8491321762349799,3,0,0.5114918941104043,0.20689655172413793,0.05882352941176472,0,0,1,0,0
0.562082777036048,3,0,0.029807100348861068,0.7241379310344828,0.35294117647058826,0,0,0,1,0
0.029372496662216294,2,1,0.652421506258978,0.7586206896551724,0.4705882352941176,1,0,1,0,0
0.7663551401869159,5,0,0.17314795813667144,0.6206896551724138,0.23529411764705882,1,0,0,1,0
0.18958611481975965,5,1,0.7620049250974759,1.0,0.8235294117647058,0,0,0,0,1
0.8865153538050734,5,1,0.17437923250564333,0.06896551724137931,1.0,1,1,0,0,0
0.19225634178905207,4,1,0.6994664477734455,0.9655172413793103,0.1764705882352941,1,0,1,0,0
0.2990654205607477,5,1,0.8073055612558998,0.896551724137931,0.35294117647058826,1,0,1,0,0
0.6702269692923898,3,0,0.3473219782474861,0.0,0.411764705882353,0,1,0,0,0
0.8210947930574098,4,1,0.519649086804843,0.10344827586206896,0.9411764705882353,0,0,1,0,0
0.1375166889185581,1,0,0.04032423558382926,0.9310344827586207,0.7058823529411764,0,0,0,1,0
0.050734312416555405,5,0,0.8301867432792941,0.5862068965517241,0.588235294117647,0,1,0,0,0
0.26301735647530045,5,1,0.14811204596757643,0.8620689655172413,0.0,0,0,0,1,0
0.8611481975967957,1,0,0.49081674533141806,0.24137931034482757,0.05882352941176472,0,0,0,1,0
0.7716955941255006,5,0,0.5201621177919147,0.6206896551724138,0.9411764705882353,1,0,0,0,1
0.5206942590120159,1,0,0.6121485737738559,0.7586206896551724,0.23529411764705882,0,0,0,1,0
0.2376502002670227,4,0,0.5010773650728504,0.7586206896551724,0.29411764705882354,0,0,0,0,1
0.7383177570093458,3,1,0.39041658116150213,0.9310344827586207,0.35294117647058826,0,0,1,0,0
0.5967957276368491,1,0,0.968294684998974,0.8275862068965517,0.8235294117647058,0,0,1,0,0
0.6662216288384513,2,1,0.8312641083521445,0.1724137931034483,0.8823529411764706,1,0,0,0,1
0.01869158878504673,1,1,0.7147547711881798,0.0,0.7058823529411764,0,0,0,1,0
0.8304405874499332,5,1,0.5178021752513852,0.24137931034482757,0.23529411764705882,1,1,0,0,0
0.8918558077436581,4,0,0.21742253232095218,0.0,0.11764705882352938,1,1,0,0,0
0.3845126835781041,4,1,0.9595731582187564,0.6206896551724138,0.11764705882352938,1,0,0,0,1
0.636849132176235,1,0,0.5513030987071619,0.3448275862068966,0.7647058823529411,0,0,1,0,0
0.30707610146862485,3,1,0.2717012107531295,0.6896551724137931,0.8823529411764706,0,0,1,0,0
0.5594125500667556,2,0,0.09537246049661399,0.7931034482758621,0.9411764705882353,0,1,0,0,0
0.20827770360480638,4,1,0.7254258157192695,0.8275862068965517,0.1764705882352941,0,0,0,0,1
0.7329773030707609,5,1,0.3754360763390109,0.48275862068965514,0.7058823529411764,1,1,0,0,0
0.5874499332443257,5,0,0.5830597168068952,0.7586206896551724,0.411764705882353,0,0,0,1,0
0.12817089452603472,3,0,0.8967781654011903,0.8275862068965517,0.23529411764705882,0,0,0,1,0
0.5473965287049399,4,1,0.2690847527190642,0.3448275862068966,0.05882352941176472,0,0,0,0,1
0.3845126835781041,1,0,0.08885696696080443,0.6206896551724138,0.8235294117647058,0,0,0,0,1
0.33778371161548726,5,1,0.23912374307408166,0.9655172413793103,0.05882352941176472,1,0,0,1,0
0.260347129506008,3,0,0.3030474040632054,0.6896551724137931,0.588235294117647,0,0,1,0,0
0.7970627503337783,4,0,0.6575005130309871,0.3103448275862069,0.7058823529411764,1,0,0,0,1
0.6955941255006675,4,1,0.8753334701415966,0.7931034482758621,0.5294117647058822,1,0,0,1,0
0.6889185580774365,4,1,0.41868458854914836,0.3793103448275862,0.11764705882352938,0,0,0,1,0
0.8464619492656875,4,1,0.9466447773445515,0.0,0.23529411764705882,1,0,1,0,0
0.1562082777036048,4,0,0.6852041863328545,0.7931034482758621,0.11764705882352938,1,0,1,0,0
0.2109479305740988,5,1,0.34198645598194133,0.20689655172413793,0.29411764705882354,1,0,1,0,0
0.3030707610146862,3,0,0.6676585265750051,0.5517241379310345,0.7058823529411764,0,0,1,0,0
0.2870493991989319,4,1,0.4103734865585881,0.9655172413793103,0.5294117647058822,1,1,0,0,0
0.9279038718291054,2,1,0.508875436076339,0.9655172413793103,0.411764705882353,1,0,1,0,0
0.01869158878504673,2,0,0.11230248306997742,0.8620689655172413,1.0,0,1,0,0,0
0.20827770360480638,3,0,0.454391545249333,0.9310344827586207,0.11764705882352938,0,0,0,0,1
0.863818424566088,1,0,0.45505848553252615,0.3103448275862069,0.9411764705882353,0,0,0,1,0
0.3471295060080106,1,1,0.9864559819413092,0.9310344827586207,0.411764705882353,0,1,0,0,0
0.20827770360480638,1,0,0.9668068951364662,0.1724137931034483,0.5294117647058822,0,0,0,0,1
0.061415220293724954,2,1,0.25241124563923656,0.5517241379310345,0.05882352941176472,0,0,0,0,1
0.4312416555407209,1,0,0.2252206033244408,0.5862068965517241,0.6470588235294117,0,1,0,0,0
0.9132176234979973,5,1,0.6945926533962651,0.13793103448275862,0.29411764705882354,1,0,0,0,1
0.17222963951935916,4,1,0.9942027498460906,0.5862068965517241,0.05882352941176472,1,0,0,0,1
0.5473965287049399,2,0,0.7702134208906218,1.0,0.11764705882352938,0,1,0,0,0
0.12550066755674233,3,0,0.16545249333059717,0.8620689655172413,0.9411764705882353,0,0,0,0,1
0.8357810413885179,3,0,0.10373486558588138,0.5517241379310345,0.35294117647058826,1,0,1,0,0
0.3885180240320427,4,1,0.8573260824953827,0.7241379310344828,0.23529411764705882,1,0,1,0,0
0.37650200267022693,2,1,0.1274368971885902,0.5172413793103449,0.0,0,0,0,1,0
0.09078771695594126,1,0,0.05915247280935769,0.24137931034482757,0.411764705882353,0,0,0,0,1
0.8798397863818425,1,1,0.5171352349681921,0.7931034482758621,0.6470588235294117,0,0,0,1,0
0.013351134846461957,5,0,0.22958136671454957,0.41379310344827586,0.7647058823529411,0,0,1,0,0
0.33778371161548726,5,0,0.9525446336958752,0.9655172413793103,0.8823529411764706,0,0,1,0,0
0.7329773030707609,1,1,0.363431151241535,0.7931034482758621,0.5294117647058822,0,0,1,0,0
0.17757009345794392,3,0,0.11876667350707981,0.5172413793103449,0.8235294117647058,0,0,0,0,1
0.9492656875834445,3,0,0.18566591422121895,0.3448275862068966,0.8235294117647058,1,0,0,0,1
0.029372496662216294,5,0,0.2302996100964498,0.1724137931034483,0.5294117647058822,0,0,1,0,0
0.4606141522029372,4,0,0.8164375128257747,0.896551724137931,0.35294117647058826,0,0,0,1,0
0.4018691588785047,1,0,0.7821670428893905,0.06896551724137931,0.11764705882352938,0,0,0,1,0
0.4833110814419225,5,0,0.12871947465626923,0.0,0.05882352941176472,1,1,0,0,0
0.527369826435247,5,1,0.48963677406115325,0.5862068965517241,0.29411764705882354,1,0,1,0,0
0.28971962616822433,1,0,0.8008413708187975,0.13793103448275862,0.4705882352941176,0,0,0,1,0
0.18691588785046728,1,0,0.4025241124563923,0.41379310344827586,0.5294117647058822,0,0,1,0,0
0.8210947930574098,3,0,0.7321978247486148,0.3103448275862069,0.1764705882352941,1,0,0,1,0
0.27903871829105475,4,0,0.9067822696490868,0.13793103448275862,0.11764705882352938,1,1,0,0,0
0.8304405874499332,4,1,0.12635953211573978,0.8620689655172413,0.4705882352941176,1,1,0,0,0
0.8210947930574098,1,1,0.8363431151241535,0.4482758620689655,0.9411764705882353,0,0,1,0,0
0.9105473965287049,2,0,0.8037656474451057,0.5517241379310345,0.7647058823529411,1,0,0,1,0
0.6128170894526034,5,1,0.5793145906012723,0.0,0.5294117647058822,1,0,0,0,1
0.4739652870493991,5,0,0.16278473219782474,0.8275862068965517,0.7058823529411764,0,1,0,0,0
0.4312416555407209,1,0,0.40257541555509946,0.034482758620689655,0.6470588235294117,0,0,1,0,0
0.17623497997329773,2,0,0.6398009439770163,0.20689655172413793,0.0,0,0,1,0,0
0.16822429906542055,3,0,0.4834290991175867,0.3103448275862069,0.29411764705882354,0,0,0,1,0
0.14018691588785046,1,0,0.6269238662015185,0.6551724137931034,0.7058823529411764,0,0,1,0,0
0.8050734312416555,1,1,0.4331007592858609,0.20689655172413793,0.7058823529411764,0,1,0,0,0
0.5033377837116154,5,0,0.4210958341883849,0.7931034482758621,0.1764705882352941,1,0,1,0,0
0.06675567423230974,1,1,0.1414426431356454,0.5172413793103449,0.05882352941176472,0,0,1,0,0
0.03738317757009346,1,0,0.825415555099528,0.13793103448275862,0.8235294117647058,0,0,0,0,1
0.6154873164218958,1,0,0.0,0.9655172413793103,0.6470588235294117,1,0,0,0,1
0.39385847797062745,5,1,0.9050379642930433,0.9310344827586207,0.35294117647058826,1,1,0,0,0
0.39519359145527366,3,0,0.4200697722142417,0.3793103448275862,1.0,0,0,0,1,0
0.9679572763684913,3,0,0.7821670428893905,0.5517241379310345,0.7058823529411764,1,0,0,0,1
0.5420560747663551,1,1,0.2960701826390314,0.5172413793103449,0.9411764705882353,0,0,0,1,0
0.8170894526034712,5,1,0.6558588138723579,0.6551724137931034,0.1764705882352941,0,1,0,0,0
0.5393858477970627,3,1,0.9721937205007182,0.8620689655172413,0.7647058823529411,0,0,0,0,1
0.4606141522029372,3,1,0.7713420890621794,0.5172413793103449,0.7058823529411764,1,0,0,1,0
0.829105473965287,3,1,0.09660373486558588,0.6206896551724138,0.11764705882352938,1,0,0,0,1
0.5594125500667556,5,1,0.36209727067514874,0.8620689655172413,1.0,0,1,0,0,0
0.24165554072096126,5,0,0.8377282987892468,0.48275862068965514,0.7647058823529411,0,1,0,0,0
0.0,1,0,0.4023189000615637,0.3793103448275862,0.8235294117647058,0,0,0,0,1
0.7556742323097463,4,0,0.6899240714139134,0.6896551724137931,0.11764705882352938,0,0,0,1,0
0.49399198931909205,3,0,0.48681510363225944,0.3103448275862069,0.0,0,0,1,0,0
0.8811748998664886,4,1,0.9603940077980709,0.9655172413793103,0.9411764705882353,1,0,1,0,0
0.5740987983978638,5,1,0.4753745126205623,0.8620689655172413,0.11764705882352938,0,0,0,0,1
0.4112149532710281,5,0,0.4687564128873384,0.9655172413793103,0.7647058823529411,0,0,0,1,0
0.1815754339118825,5,0,0.3482967371229222,0.7241379310344828,0.11764705882352938,1,0,1,0,0
0.2683578104138852,4,1,0.36779191463164373,0.034482758620689655,0.7058823529411764,1,1,0,0,0
0.5807743658210948,5,0,0.9805561255899857,0.20689655172413793,0.8235294117647058,0,0,0,1,0
0.4165554072096128,1,1,0.8850297557972502,0.41379310344827586,1.0,1,0,1,0,0
0.1548731642189586,5,0,0.004668581982351736,0.06896551724137931,0.7647058823529411,0,0,0,1,0
0.8878504672897196,2,0,0.15313974964087831,0.48275862068965514,0.11764705882352938,1,0,0,0,1
0.7663551401869159,4,0,0.6589883028934947,0.0,0.411764705882353,1,0,0,1,0
0.32443257676902537,2,0,0.5112353786168684,0.8620689655172413,0.1764705882352941,0,0,1,0,0
0.7156208277703604,5,1,0.8319310486353375,0.06896551724137931,0.1764705882352941,1,0,0,0,1
0.8024032042723631,1,1,0.536117381489842,0.8275862068965517,0.588235294117647,0,0,0,1,0
0.09879839786381842,3,1,0.44248922634927146,0.3103448275862069,0.0,0,1,0,0,0
0.514018691588785,5,0,0.2536938231069157,0.896551724137931,0.411764705882353,0,0,1,0,0
0.27903871829105475,1,0,0.34111430330391956,0.896551724137931,0.8235294117647058,1,0,0,0,1
0.6328437917222963,4,1,0.1611943361379027,0.48275862068965514,0.0,1,0,0,1,0
0.5567423230974633,2,1,0.8443463985224707,0.7241379310344828,0.35294117647058826,0,1,0,0,0
0.46194926568758343,2,0,0.4595218551200493,0.896551724137931,0.588235294117647,0,0,1,0,0
0.7049399198931908,2,0,0.42555920377590806,0.1724137931034483,0.7647058823529411,0,1,0,0,0
0.8531375166889185,4,1,0.3433203365483275,0.6551724137931034,0.8823529411764706,0,0,0,1,0
0.2376502002670227,1,0,0.8122819618304945,0.48275862068965514,0.7647058823529411,0,0,0,1,0
0.24165554072096126,4,0,0.9878411656064026,0.7931034482758621,0.6470588235294117,1,0,0,0,1
0.8851802403204272,2,0,0.17155756207674944,0.6896551724137931,0.9411764705882353,0,1,0,0,0
0.032042723631508674,5,0,0.5816745331418017,0.20689655172413793,0.7647058823529411,1,0,0,0,1
0.2389853137516689,3,1,0.012415349887133185,0.8275862068965517,0.5294117647058822,0,0,1,0,0
0.9465954606141521,4,1,0.1345680279088857,0.9655172413793103,0.7647058823529411,1,0,0,0,1
0.6675567423230975,4,0,0.19736302072645187,0.9655172413793103,1.0,1,0,1,0,0
0.21361815754339117,1,0,0.49225323209521854,1.0,0.4705882352941176,0,0,0,1,0
0.23497997329773032,1,0,0.3968294684998974,0.6896551724137931,0.9411764705882353,1,0,0,1,0
0.37917222963951935,4,0,0.7193720500718244,0.896551724137931,0.29411764705882354,0,1,0,0,0
0.08277703604806408,2,0,0.6155345782885286,1.0,0.411764705882353,0,0,1,0,0
0.8825100133511348,3,1,0.4274061153293659,0.13793103448275862,0.7058823529411764,0,0,0,1,0
0.8878504672897196,1,0,0.8862097270675149,1.0,1.0,0,1,0,0,0
0.20694259012016022,2,0,0.3749230453519392,0.10344827586206896,0.23529411764705882,0,1,0,0,0
0.6248331108144192,5,0,0.12297352760106711,0.7241379310344828,0.29411764705882354,1,0,0,0,1
0.06408544726301735,1,0,0.23794377180381696,0.5862068965517241,0.1764705882352941,0,1,0,0,0
0.11081441922563418,2,0,0.9923045351939257,0.06896551724137931,0.35294117647058826,0,0,0,1,0
0.48064085447263016,2,0,0.5329878924687051,0.5517241379310345,0.1764705882352941,0,0,0,0,1
0.918558077436582,3,1,0.9158116150215473,0.5862068965517241,0.588235294117647,1,0,1,0,0
0.19626168224299065,3,0,0.5586907449209932,0.5862068965517241,0.6470588235294117,0,0,1,0,0
0.8397863818424566,5,0,0.5743381900266776,0.7931034482758621,0.7647058823529411,0,0,0,1,0
0.4552736982643524,2,1,0.6694028319310487,0.7931034482758621,0.7058823529411764,1,0,0,1,0
0.6341789052069425,2,1,0.17299404884054997,0.034482758620689655,0.5294117647058822,0,0,0,0,1
0.08277703604806408,3,0,0.6622717012107531,0.41379310344827586,1.0,0,0,0,0,1
0.9345794392523364,1,1,0.45377590806484713,1.0,0.8823529411764706,0,0,0,1,0
0.47930574098798395,1,0,0.7584137081879746,0.7241379310344828,0.23529411764705882,0,0,0,1,0
0.7476635514018691,4,0,0.5621793556330802,0.48275862068965514,0.411764705882353,1,0,1,0,0
0.43524699599465955,3,0,0.6942848348040221,0.13793103448275862,0.7647058823529411,0,0,1,0,0
0.9813084112149532,4,1,0.4223271085573569,0.06896551724137931,0.23529411764705882,1,0,1,0,0
0.18691588785046728,3,1,0.5387338395239073,0.13793103448275862,0.411764705882353,0,0,0,1,0
0.2857142857142857,5,0,0.262671865380669,0.13793103448275862,0.29411764705882354,0,1,0,0,0
0.5794392523364486,2,0,0.5053355222655448,0.13793103448275862,0.8823529411764706,1,0,0,1,0
0.9639519359145526,5,1,0.2762671865380669,0.06896551724137931,0.1764705882352941,1,0,0,1,0
0.42323097463284376,3,0,0.3913913400369382,0.06896551724137931,0.6470588235294117,0,0,1,0,0
0.04138851802403204,2,0,0.37061358506053765,0.6551724137931034,0.588235294117647,0,0,0,1,0
0.8931909212283043,1,1,0.2619536219987687,0.7586206896551724,0.11764705882352938,1,0,0,0,1
0.37917222963951935,1,1,0.9545454545454545,0.9310344827586207,0.6470588235294117,1,0,0,1,0
0.40587449933244324,4,1,0.1081469320746973,0.9310344827586207,0.23529411764705882,1,0,0,1,0
0.5714285714285714,3,1,0.04899445926533963,0.9310344827586207,0.29411764705882354,0,0,0,1,0
0.6355140186915887,3,0,0.3665093371639647,1.0,1.0,0,0,0,1,0
0.38050734312416556,1,1,0.028627129078596346,0.5862068965517241,0.8823529411764706,0,1,0,0,0
0.19092122830440586,5,1,0.0672070593063821,0.8620689655172413,0.588235294117647,1,0,0,1,0
0.5647530040053405,2,0,0.9338703057664682,0.6551724137931034,0.23529411764705882,1,0,0,0,1
0.024032042723631505,5,0,0.5947568233121281,0.10344827586206896,0.4705882352941176,1,0,0,0,1
0.022696929238985322,5,0,0.2756002462548738,0.0,0.11764705882352938,0,0,0,1,0
0.7863818424566088,1,0,0.1359019084752719,0.8620689655172413,0.411764705882353,0,0,1,0,0
0.49399198931909205,1,1,0.5132361994664478,0.5172413793103449,0.29411764705882354,0,1,0,0,0
0.2323097463284379,1,1,0.509491073260825,0.24137931034482757,0.1764705882352941,0,0,0,1,0
0.2576769025367156,4,0,0.8295711060948081,0.5517241379310345,0.6470588235294117,0,0,0,1,0
0.6688918558077436,5,0,0.1474964087830905,0.24137931034482757,0.6470588235294117,0,0,0,1,0
0.14953271028037382,3,1,0.20936794582392776,0.20689655172413793,0.8823529411764706,1,0,1,0,0
0.15086782376502003,2,0,0.0381182023394213,0.8275862068965517,0.5294117647058822,0,0,1,0,0
0.29506008010680906,4,0,0.4487482043915453,0.24137931034482757,0.7647058823529411,0,0,1,0,0
0.9038718291054739,3,0,0.8887235789041658,0.6896551724137931,0.7058823529411764,0,1,0,0,0
0.8584779706275033,5,0,0.9582392776523702,0.7931034482758621,0.4705882352941176,0,0,0,0,1
0.35113484646194926,1,0,0.8886209727067514,1.0,0.35294117647058826,1,1,0,0,0
0.07209612817089453,5,0,0.9230453519392571,0.896551724137931,0.6470588235294117,1,0,1,0,0
0.8571428571428571,2,0,0.08839523907243997,0.8620689655172413,0.23529411764705882,0,0,0,0,1
0.6101468624833111,4,0,0.6264621383131541,0.3793103448275862,1.0,0,0,0,0,1
0.21495327102803738,4,0,0.48871331828442444,0.5172413793103449,0.1764705882352941,0,0,1,0,0
0.5060080106809078,2,0,0.7264518776934127,0.3793103448275862,0.05882352941176472,0,0,1,0,0
0.11481975967957275,3,1,0.45408372665709007,0.6206896551724138,0.11764705882352938,0,1,0,0,0
0.07209612817089453,3,1,0.36861276421095834,0.3103448275862069,0.6470588235294117,1,0,1,0,0
0.6341789052069425,4,0,0.0015390929612148566,0.20689655172413793,0.11764705882352938,1,0,0,0,1
0.23631508678237648,4,0,0.763954442848348,0.3793103448275862,0.1764705882352941,0,0,0,1,0
0.5206942590120159,1,1,0.7390724399753745,0.6551724137931034,0.29411764705882354,0,0,1,0,0
0.46461949265687574,3,0,0.7776523702031602,0.13793103448275862,0.6470588235294117,1,0,1,0,0
0.009345794392523366,2,0,0.17504617278883644,0.5172413793103449,0.5294117647058822,0,1,0,0,0
0.4165554072096128,3,1,0.8997537451262057,0.27586206896551724,0.0,1,1,0,0,0
0.5901201602136181,1,1,0.621690950133388,0.20689655172413793,0.9411764705882353,0,0,1,0,0
0.43658210947930576,4,1,0.0790580751077365,0.6551724137931034,0.8823529411764706,1,0,0,0,1
0.07076101468624832,4,0,0.013800533552226553,0.7241379310344828,0.4705882352941176,0,0,0,0,1
0.31775700934579443,1,1,0.271547301457008,0.8620689655172413,0.4705882352941176,1,0,0,1,0
0.30440587449933243,2,0,0.7675456597578494,0.4482758620689655,0.4705882352941176,0,0,1,0,0
0.7716955941255006,4,1,0.5939872768315206,0.3448275862068966,0.6470588235294117,1,1,0,0,0
0.06675567423230974,5,0,0.9794274574184281,0.20689655172413793,0.4705882352941176,1,0,0,0,1
0.8117489986648865,4,0,0.6461625282167043,0.9655172413793103,0.8235294117647058,0,0,0,1,0
0.8050734312416555,5,1,0.6178432177303509,0.3103448275862069,0.05882352941176472,1,0,1,0,0
0.35113484646194926,1,0,0.6977734455161092,0.9655172413793103,0.588235294117647,0,0,0,0,1
0.5567423230974633,1,0,0.5096962856556536,0.27586206896551724,0.588235294117647,0,0,1,0,0
0.1268357810413885,4,1,0.7607223476297968,0.10344827586206896,0.411764705882353,0,0,1,0,0
0.11615487316421896,3,0,0.3447568233121281,0.5172413793103449,0.29411764705882354,1,0,0,0,1
0.10280373831775702,5,0,0.4206341063000205,0.3103448275862069,0.35294117647058826,1,0,0,0,1
0.383177570093458,2,0,0.21249743484506464,0.6206896551724138,0.11764705882352938,1,0,0,0,1
0.1588785046728972,4,1,0.28750256515493533,0.7931034482758621,0.411764705882353,1,0,1,0,0
0.6542056074766355,2,1,0.3470141596552432,0.5517241379310345,1.0,0,0,1,0,0
0.6021361815754339,4,0,0.8778986250769546,0.27586206896551724,0.9411764705882353,1,0,0,1,0
0.6662216288384513,3,1,0.8170531500102606,0.41379310344827586,0.588235294117647,0,1,0,0,0
0.21895861148197596,3,0,0.08444490047198851,0.0,0.05882352941176472,0,0,1,0,0
0.24165554072096126,3,1,0.10917299404884054,0.034482758620689655,0.35294117647058826,0,1,0,0,0
0.6248331108144192,3,0,0.7382515903960599,0.41379310344827586,1.0,0,0,0,0,1
0.979973297730307,1,0,0.543094602914016,0.7931034482758621,0.411764705882353,0,0,1,0,0
0.008010680907877168,1,1,0.22388672275805457,0.27586206896551724,0.7647058823529411,0,0,0,1,0
0.43925233644859807,5,0,0.07715986045557151,0.20689655172413793,0.35294117647058826,0,0,0,1,0
0.897196261682243,2,0,0.9511594500307818,0.5172413793103449,0.1764705882352941,1,1,0,0,0
0.20026702269692923,4,0,0.9900471988508106,0.6206896551724138,0.9411764705882353,1,0,0,0,1
0.11214953271028039,4,1,0.7808331623230043,0.20689655172413793,0.23529411764705882,1,1,0,0,0
0.19492656875834444,1,0,0.6341576031192284,0.1724137931034483,0.6470588235294117,1,0,0,0,1
0.8317757009345794,4,0,0.6050174430535604,0.5862068965517241,0.4705882352941176,0,0,0,1,0
0.507343124165554,1,0,0.5056433408577878,0.6206896551724138,0.7058823529411764,0,1,0,0,0
0.7303070761014686,5,0,0.6471372870921404,0.3448275862068966,1.0,1,0,0,1,0
0.37917222963951935,2,0,0.21208701005540734,0.9655172413793103,0.4705882352941176,0,0,0,1,0
0.9332443257676902,5,1,0.6913605581777139,0.3793103448275862,0.1764705882352941,1,0,0,0,1
0.10814419225634178,3,1,0.5724912784732198,0.9655172413793103,0.411764705882353,1,1,0,0,0
0.684913217623498,3,0,0.13785142622614405,0.8620689655172413,0.0,0,1,0,0,0
0.9452603471295059,3,0,0.14405910116971066,0.3103448275862069,0.9411764705882353,0,0,0,1,0
0.6969292389853137,5,0,0.598245434024215,0.41379310344827586,0.4705882352941176,1,0,0,1,0
0.9946595460614153,4,0,0.3155140570490458,0.3793103448275862,0.7058823529411764,0,0,0,0,1
0.514018691588785,2,1,0.00051303098707162,0.6896551724137931,0.05882352941176472,0,0,1,0,0
0.9425901201602135,3,0,0.572542581571927,0.3103448275862069,0.7058823529411764,1,0,1,0,0
0.6275033377837116,3,0,0.41027088036117376,0.6551724137931034,0.4705882352941176,1,0,0,1,0
0.157543391188251,3,1,0.37025446336958756,0.5862068965517241,0.29411764705882354,0,0,1,0,0
0.527369826435247,2,0,0.2732403037143444,0.10344827586206896,0.0,0,0,1,0,0
0.7089452603471295,3,1,0.18566591422121895,0.9310344827586207,0.23529411764705882,0,0,1,0,0
0.3471295060080106,2,0,0.5983480402216294,0.7931034482758621,0.11764705882352938,0,0,1,0,0
0.3404539385847797,3,1,0.5803406525754156,0.13793103448275862,0.1764705882352941,0,0,0,1,0
0.9786381842456607,5,1,0.03334701415965524,0.13793103448275862,0.0,1,0,1,0,0
0.3004005340453939,5,1,0.8300841370818798,0.9655172413793103,0.7647058823529411,1,0,1,0,0
0.06942590120160214,2,1,0.45198029961009645,0.9310344827586207,0.4705882352941176,0,0,0,0,1
0.6662216288384513,5,0,0.19433613790272933,0.3793103448275862,0.1764705882352941,0,0,0,1,0
0.6742323097463284,2,0,0.803252616458034,0.8620689655172413,1.0,0,1,0,0,0
0.4846461949265687,5,1,0.08429099117586702,0.06896551724137931,0.7647058823529411,0,1,0,0,0
0.3724966622162884,5,0,0.5352452288118202,0.9655172413793103,0.1764705882352941,1,0,0,0,1
0.7903871829105473,2,0,0.1891032218345988,0.24137931034482757,0.5294117647058822,0,0,0,0,1
0.951935914552737,4,0,0.3943669197619536,0.7241379310344828,0.11764705882352938,0,0,0,1,0
0.2096128170894526,5,0,0.07064436691976195,0.034482758620689655,0.35294117647058826,0,1,0,0,0
0.842456608811749,3,0,0.21757644161707365,0.5862068965517241,0.5294117647058822,0,0,1,0,0
0.07743658210947932,4,0,0.5250872152678022,0.27586206896551724,0.7058823529411764,0,0,0,0,1
0.9692923898531375,2,1,0.8376769956905397,0.41379310344827586,0.1764705882352941,0,1,0,0,0
0.16955941255006676,4,0,0.9765544838908269,0.20689655172413793,1.0,1,0,0,1,0
0.9813084112149532,1,0,0.2877590806484711,0.3103448275862069,0.588235294117647,0,0,1,0,0
0.9612817089452602,1,0,0.6420069772214242,0.27586206896551724,0.1764705882352941,1,0,0,1,0
0.15220293724966621,5,0,0.7122922224502359,1.0,0.7647058823529411,1,0,0,0,1
0.27770360480640854,5,1,0.7035706956700185,0.7241379310344828,1.0,0,1,0,0,0
0.7009345794392523,3,0,0.3032013133593269,0.48275862068965514,0.411764705882353,1,1,0,0,0
0.6942590120160214,4,0,0.3307510773650728,0.13793103448275862,0.5294117647058822,0,1,0,0,0
0.7356475300400533,1,1,0.08839523907243997,0.3793103448275862,0.23529411764705882,0,1,0,0,0
0.315086782376502,5,0,0.8140775702852452,0.0,0.35294117647058826,1,0,1,0,0
0.3738317757009346,4,0,0.47722142417402014,0.3793103448275862,0.6470588235294117,0,0,1,0,0
0.47797062750333774,5,0,0.3857993022778575,0.7241379310344828,0.11764705882352938,0,0,0,1,0
0.26702269692923897,5,1,0.7008516314385389,0.1724137931034483,0.1764705882352941,0,0,1,0,0
0.369826435246996,1,0,0.24533141801764827,0.6206896551724138,0.5294117647058822,0,0,0,0,1
0.3124165554072096,1,0,0.48584034475682336,0.6206896551724138,0.1764705882352941,0,0,0,0,1
0.6582109479305741,5,0,0.90365278062795,0.5172413793103449,0.8235294117647058,1,1,0,0,0
0.004005340453938591,2,0,0.5157500513030987,0.6206896551724138,0.5294117647058822,1,0,0,0,1
0.8878504672897196,5,0,0.6502154730145701,0.06896551724137931,0.8823529411764706,0,0,0,1,0
0.5887850467289719,5,0,0.3819002667761132,0.7586206896551724,0.8235294117647058,0,0,1,0,0
0.03738317757009346,3,0,0.24230453519392572,0.3103448275862069,1.0,1,0,1,0,0
0.14419225634178906,3,1,0.75759285860866,0.896551724137931,0.6470588235294117,0,0,1,0,0
0.8130841121495327,3,1,0.07218345988097681,0.5862068965517241,0.8823529411764706,0,0,0,0,1
0.9692923898531375,2,0,0.42083931869484914,0.8620689655172413,0.0,0,0,1,0,0
0.09879839786381842,2,1,0.8394726041452903,0.41379310344827586,0.8823529411764706,0,1,0,0,0
0.19359145527369828,5,0,0.013030987071619128,0.8620689655172413,0.05882352941176472,0,1,0,0,0
0.16955941255006676,3,0,0.9287399958957521,0.5862068965517241,0.8235294117647058,0,1,0,0,0
0.054739652870493996,2,1,0.8055612558998564,0.06896551724137931,0.35294117647058826,0,0,0,0,1
0.4739652870493991,1,1,0.9134516724810179,0.8620689655172413,0.0,0,0,1,0,0
0.0534045393858478,5,1,0.15329365893699978,0.9310344827586207,0.23529411764705882,1,0,0,0,1
0.044058744993324434,4,0,0.061204596757644156,0.7586206896551724,0.5294117647058822,0,0,1,0,0
0.021361815754339125,5,1,0.0637184485942951,0.06896551724137931,0.1764705882352941,0,0,0,1,0
0.9025367156208277,4,0,0.5855222655448389,0.7586206896551724,0.7647058823529411,1,0,0,1,0
0.20293724966622165,3,1,0.3470141596552432,0.8275862068965517,0.7058823529411764,1,0,0,0,1
0.5033377837116154,4,1,0.5981941309255079,0.896551724137931,0.0,0,1,0,0,0
0.7837116154873164,3,0,0.8315206238456803,0.8620689655172413,0.8823529411764706,1,0,0,0,1
0.7983978638184245,1,1,0.9074492099322798,0.3793103448275862,0.4705882352941176,1,1,0,0,0
0.8384512683578104,4,0,0.5289862507695465,0.896551724137931,0.8823529411764706,1,0,1,0,0
0.4552736982643524,5,0,0.12312743689718858,0.6551724137931034,0.8235294117647058,0,1,0,0,0
0.03471295060080107,3,0,0.8658936999794787,0.20689655172413793,0.7647058823529411,0,1,0,0,0
0.3818424566088118,5,0,0.6809460291401601,0.8275862068965517,0.5294117647058822,0,0,1,0,0
0.8611481975967957,2,1,0.7650831110199056,1.0,0.6470588235294117,0,0,0,1,0
0.9746328437917223,3,1,0.04653191052739586,0.7931034482758621,0.0,0,0,1,0,0
0.22296395193591453,4,0,0.8107941719679869,0.24137931034482757,0.9411764705882353,0,0,0,0,1
0.8130841121495327,3,1,0.01898214652164991,0.27586206896551724,0.4705882352941176,1,0,0,0,1
0.356475300400534,5,1,0.06884875846501129,0.4482758620689655,1.0,0,0,0,0,1
0.9986648865153537,1,0,0.4367432792940693,0.13793103448275862,0.35294117647058826,0,0,0,0,1
0.6061415220293724,3,1,0.12461522675969627,1.0,0.4705882352941176,0,0,0,0,1
0.9132176234979973,4,0,0.9832751898214651,0.6896551724137931,0.6470588235294117,1,0,0,1,0
0.5340453938584779,2,1,0.5429406936178945,0.6206896551724138,0.35294117647058826,0,0,0,1,0
0.6341789052069425,1,0,0.7931459060127232,0.6896551724137931,0.7647058823529411,0,1,0,0,0
0.9359145527369827,2,0,0.08685614611122512,0.5172413793103449,0.8235294117647058,0,0,0,0,1
0.8451268357810413,3,0,0.09773240303714344,0.7931034482758621,0.8235294117647058,0,0,1,0,0
0.7436582109479305,5,1,0.8804637800123127,0.3793103448275862,0.29411764705882354,1,0,0,0,1
0.7676902536715621,5,0,0.05217525138518367,0.6896551724137931,0.7647058823529411,1,0,0,1,0
0.17222963951935916,4,0,0.5876769956905397,0.10344827586206896,0.05882352941176472,0,0,0,0,1
0.4833110814419225,5,0,0.07187564128873383,0.24137931034482757,0.411764705882353,1,0,0,1,0
0.9399198931909213,1,1,0.9136055817771394,0.20689655172413793,0.7058823529411764,0,1,0,0,0
0.9238985313751669,5,0,0.4541863328545044,0.48275862068965514,0.29411764705882354,0,1,0,0,0
0.3885180240320427,4,0,0.3009439770162118,1.0,0.23529411764705882,0,1,0,0,0
0.49399198931909205,3,0,0.5559716806895136,1.0,0.23529411764705882,0,0,0,1,0
0.03738317757009346,3,0,0.0004104247896572974,0.1724137931034483,0.0,0,0,0,0,1
0.19759679572763686,5,1,0.32464600861892057,0.13793103448275862,0.4705882352941176,0,0,0,0,1
0.39385847797062745,2,1,0.7725733634311512,0.4482758620689655,0.29411764705882354,0,0,1,0,0
0.013351134846461957,3,0,0.47342499486969014,0.6896551724137931,0.35294117647058826,0,0,0,1,0
0.6822429906542056,5,0,0.9853786168684588,0.41379310344827586,0.4705882352941176,1,0,1,0,0
0.9012016021361815,4,1,0.38282372255284214,0.3103448275862069,0.23529411764705882,1,1,0,0,0
0.14953271028037382,5,0,0.7564128873383952,0.5862068965517241,0.7647058823529411,0,0,0,0,1
0.24833110814419226,3,1,0.1539605992201929,0.9655172413793103,0.23529411764705882,0,0,0,1,0
0.9919893190921228,4,1,0.3690231890006156,0.10344827586206896,0.411764705882353,0,0,1,0,0
0.30173564753004,5,1,0.9988713318284423,0.24137931034482757,0.35294117647058826,1,0,1,0,0
0.4125500667556742,1,0,0.7008003283398317,0.7931034482758621,0.7058823529411764,0,0,1,0,0
0.1295060080106809,4,0,0.7047506669402832,0.3448275862068966,0.7058823529411764,1,0,0,0,1
0.07209612817089453,1,1,0.7996100964498256,0.5517241379310345,0.411764705882353,0,0,0,0,1
0.8304405874499332,2,0,0.09167863738969834,0.5862068965517241,0.588235294117647,0,0,0,0,1
0.8851802403204272,4,1,0.99620357069567,0.6896551724137931,1.0,1,0,0,1,0
0.5407209612817089,1,0,0.38969833777960183,0.8275862068965517,0.29411764705882354,0,0,0,0,1
0.09078771695594126,3,1,0.24810178534783497,0.8620689655172413,0.05882352941176472,0,0,0,1,0
0.4152202937249666,3,0,0.3011491894110404,0.3448275862068966,0.7058823529411764,0,0,1,0,0
0.3845126835781041,2,0,0.5830597168068952,0.5172413793103449,0.588235294117647,0,0,1,0,0
0.7303070761014686,4,0,0.22044941514467473,0.3793103448275862,0.0,1,1,0,0,0
0.19626168224299065,4,1,0.890365278062795,0.41379310344827586,0.05882352941176472,1,0,0,0,1
0.6221628838451267,4,1,0.36327724194541344,0.896551724137931,0.9411764705882353,0,0,1,0,0
0.9853137516688918,2,0,0.2817566180997332,0.5172413793103449,0.411764705882353,1,0,0,0,1
0.32443257676902537,4,0,0.580494561871537,0.7586206896551724,0.05882352941176472,0,0,0,1,0
0.6542056074766355,3,1,0.16042478965729529,0.8620689655172413,0.29411764705882354,1,0,1,0,0
0.6755674232309746,1,0,0.005232916068130516,0.6896551724137931,0.23529411764705882,1,0,0,0,1
0.4859813084112149,3,0,0.3812333264929202,0.0,0.8823529411764706,1,0,1,0,0
0.6421895861148197,3,0,0.3943669197619536,0.5172413793103449,0.411764705882353,0,0,1,0,0
0.26702269692923897,1,0,0.1828955468910322,0.48275862068965514,0.8823529411764706,1,0,0,0,1
0.2042723631508678,3,0,0.9010363225938847,0.1724137931034483,0.7058823529411764,0,0,1,0,0
0.5994659546061415,2,0,0.23814898419864558,0.3793103448275862,0.35294117647058826,0,0,1,0,0
0.6675567423230975,1,0,0.7676995690539709,0.24137931034482757,0.8823529411764706,0,0,1,0,0
0.09612817089452602,3,0,0.5811615021547302,0.20689655172413793,0.8823529411764706,0,0,1,0,0
0.9506008010680908,5,0,0.2253232095218551,0.034482758620689655,0.6470588235294117,0,0,0,1,0
0.39385847797062745,3,0,0.18120254463369587,0.3793103448275862,0.7647058823529411,0,0,1,0,0
0.021361815754339125,2,0,0.6354401805869074,0.6896551724137931,1.0,0,1,0,0,0
0.8544726301735647,4,1,0.5805971680689513,0.4482758620689655,1.0,0,0,1,0,0
0.2883845126835781,3,0,0.3320849579314591,0.5172413793103449,0.8823529411764706,1,0,0,0,1
0.08010680907877168,4,0,0.9314590601272317,0.3448275862068966,0.8823529411764706,1,1,0,0,0
0.8210947930574098,5,0,0.7554894315616664,0.6551724137931034,0.7058823529411764,0,0,0,1,0
0.054739652870493996,3,0,0.6158423968807716,0.27586206896551724,0.4705882352941176,0,1,0,0,0
0.032042723631508674,1,0,0.8284424379232506,0.3103448275862069,0.4705882352941176,0,1,0,0,0
0.050734312416555405,4,0,0.02277857582597989,0.5517241379310345,0.7058823529411764,0,1,0,0,0
0.17356475300400534,5,1,0.0054381284629591645,0.3793103448275862,0.1764705882352941,1,0,0,0,1
0.6635514018691588,1,0,0.1660681305150831,0.1724137931034483,0.4705882352941176,0,0,0,0,1
0.30440587449933243,1,1,0.30417607223476295,0.6206896551724138,0.8235294117647058,1,0,0,0,1
0.14285714285714285,1,0,0.2078288528627129,0.3448275862068966,0.7647058823529411,0,0,0,1,0
0.22830440587449932,1,0,0.7051097886312333,0.27586206896551724,0.6470588235294117,0,0,0,0,1
0.5794392523364486,3,0,0.06376975169300225,0.6896551724137931,0.29411764705882354,0,0,0,0,1
0.636849132176235,3,0,0.9799917915042069,0.9655172413793103,0.11764705882352938,0,1,0,0,0
0.1348464619492657,3,0,0.7098809768109994,0.1724137931034483,0.8823529411764706,0,0,0,0,1
0.6982643524699599,5,1,0.6594500307818593,0.896551724137931,0.9411764705882353,0,0,1,0,0
0.36582109479305736,5,0,0.26179971270264724,0.8275862068965517,0.8823529411764706,0,0,0,0,1
0.8170894526034712,5,1,0.14980504822491278,0.8275862068965517,0.29411764705882354,0,0,0,1,0
0.057409879839786376,2,1,0.12882208085368355,0.7931034482758621,0.411764705882353,0,0,0,1,0
0.021361815754339125,5,0,0.1435973732813462,0.8275862068965517,0.05882352941176472,0,0,1,0,0
0.43925233644859807,3,0,0.7127539503386005,0.5172413793103449,0.7647058823529411,0,0,0,1,0
0.7583444592790387,3,0,0.35804432587728297,0.6551724137931034,0.6470588235294117,0,0,0,1,0
0.6622162883845126,2,0,0.42166016827416375,0.5172413793103449,0.9411764705882353,0,1,0,0,0
0.01468624833110814,2,0,0.3096655037964293,0.1724137931034483,0.8235294117647058,0,0,1,0,0
0.42323097463284376,5,0,0.7736507285040016,0.13793103448275862,1.0,0,1,0,0,0
0.7890520694259011,4,0,0.7513851836650933,0.6896551724137931,0.8823529411764706,1,1,0,0,0
0.2870493991989319,2,0,0.01857172173199261,0.10344827586206896,0.7058823529411764,0,0,0,0,1
0.45126835781041386,1,1,0.09224297147547711,0.034482758620689655,0.9411764705882353,0,0,1,0,0
0.8811748998664886,3,1,0.7237841165606402,0.9310344827586207,0.411764705882353,0,0,0,0,1
0.1068090787716956,1,1,0.3055612558998564,0.1724137931034483,0.0,0,0,0,0,1
0.9692923898531375,3,0,0.46655037964293045,0.27586206896551724,0.11764705882352938,0,1,0,0,0
0.6461949265687583,3,0,0.38138723578904166,0.9310344827586207,0.8823529411764706,0,0,0,1,0
0.4979973297730307,2,0,0.6482659552636979,0.5517241379310345,0.05882352941176472,0,0,1,0,0
0.9465954606141521,2,0,0.009080648471167657,0.4482758620689655,0.8235294117647058,0,0,0,1,0
0.26568758344459276,1,0,0.19859429509542376,0.20689655172413793,0.0,0,1,0,0,0
0.7156208277703604,3,1,0.9012928380874204,0.7241379310344828,0.4705882352941176,0,1,0,0,0
0.6208277703604806,1,1,0.7927867843217731,0.6206896551724138,0.8823529411764706,1,1,0,0,0
0.11748998664886515,4,0,0.8801046583213626,0.0,0.1764705882352941,1,1,0,0,0
0.356475300400534,1,0,0.6564231479581367,0.9655172413793103,0.6470588235294117,0,1,0,0,0
0.8731642189586114,5,0,0.2287092140365278,0.6551724137931034,0.0,0,1,0,0,0
0.761014686248331,1,0,0.7856556536014775,1.0,0.0,0,0,0,1,0
0.651535380507343,5,0,0.01795608454750667,0.8275862068965517,0.35294117647058826,1,0,0,0,1
0.7169559412550066,5,0,0.2740611532936589,0.48275862068965514,1.0,1,0,0,1,0
0.061415220293724954,5,0,0.23112045967576442,0.5862068965517241,0.8235294117647058,0,0,1,0,0
0.383177570093458,4,1,0.24769136055817773,0.06896551724137931,0.7058823529411764,1,0,0,1,0
0.020026702269692928,1,0,0.5755181612969423,0.5862068965517241,0.8823529411764706,0,1,0,0,0
0.9479305740987983,1,1,0.005899856351323618,1.0,0.35294117647058826,1,0,0,1,0
0.5340453938584779,4,0,0.8651241534988713,0.034482758620689655,0.8823529411764706,0,0,0,0,1
0.11348464619492657,3,0,0.2198337779601888,0.3103448275862069,0.7058823529411764,0,0,1,0,0
0.3324432576769025,2,0,0.22958136671454957,0.3448275862068966,0.7647058823529411,0,0,0,1,0
0.5206942590120159,1,0,0.3350605376564745,0.896551724137931,0.9411764705882353,0,0,0,0,1
0.445927903871829,2,0,0.8529140160065668,0.7931034482758621,0.6470588235294117,0,0,0,1,0
0.8384512683578104,4,1,0.6542684178124358,0.06896551724137931,0.7058823529411764,1,0,1,0,0
0.6915887850467289,3,1,0.04427457418428073,0.20689655172413793,0.8235294117647058,1,0,0,1,0
0.1815754339118825,3,0,0.5731069156577058,0.24137931034482757,0.1764705882352941,0,1,0,0,0
0.9172229639519358,3,0,0.27329160681305154,0.6206896551724138,0.05882352941176472,1,0,0,1,0
0.6635514018691588,4,1,0.030833162323004308,0.5862068965517241,1.0,1,0,0,0,1
0.9692923898531375,5,0,0.29519802996100963,0.41379310344827586,0.05882352941176472,1,0,0,1,0
0.6355140186915887,5,0,0.5772624666529859,0.41379310344827586,0.8235294117647058,1,0,0,0,1
0.7917222963951935,2,0,0.20603324440796222,0.7931034482758621,0.8235294117647058,0,0,1,0,0
0.2963951935914553,5,1,0.26626308229017026,0.6206896551724138,0.5294117647058822,0,0,0,1,0
0.49532710280373826,5,1,0.10327313769751692,0.7586206896551724,0.588235294117647,0,0,1,0,0
0.5353805073431241,3,0,0.5052329160681305,0.3793103448275862,0.5294117647058822,0,0,1,0,0
0.5901201602136181,3,1,0.17330186743279294,0.5517241379310345,0.23529411764705882,0,0,0,1,0
0.6528704939919893,2,1,0.19331007592858607,1.0,0.4705882352941176,1,0,0,0,1
0.8197596795727636,1,0,0.2989431561666325,0.9310344827586207,0.7058823529411764,1,0,1,0,0
0.36315086782376504,2,0,0.08264929201723784,0.7241379310344828,1.0,0,0,1,0,0
0.7009345794392523,2,0,0.6743792325056434,0.3793103448275862,0.9411764705882353,0,0,0,1,0
0.2109479305740988,4,1,0.7974040632054176,0.9310344827586207,0.29411764705882354,0,0,0,1,0
0.20160213618157544,4,0,0.9368458854914836,0.41379310344827586,0.5294117647058822,0,0,0,1,0
0.8264352469959946,2,1,0.27549764005745947,0.8275862068965517,0.05882352941176472,1,0,0,1,0
0.24966622162883842,2,0,0.5405294479786579,0.3793103448275862,0.29411764705882354,0,0,0,1,0
0.1295060080106809,2,1,0.0074902524112456376,0.6206896551724138,0.7058823529411764,0,1,0,0,0
0.17356475300400534,5,0,0.08988302893494766,0.4482758620689655,1.0,0,0,0,1,0
0.2269692923898531,4,0,0.37841165606402627,0.20689655172413793,0.35294117647058826,0,0,0,0,1
0.24299065420560748,2,1,0.6971578083316232,0.41379310344827586,0.05882352941176472,0,0,1,0,0
0.4846461949265687,3,1,0.48065873178739993,0.1724137931034483,0.7647058823529411,0,0,0,0,1
0.050734312416555405,3,1,0.6554996921814078,0.7931034482758621,0.23529411764705882,1,0,0,0,1
0.7022696929238985,5,0,0.5024112456392367,0.6206896551724138,1.0,1,1,0,0,0
0.6622162883845126,5,1,0.9970244202749845,0.6206896551724138,0.588235294117647,1,0,0,1,0
0.6875834445927903,1,0,0.2919146316437513,0.10344827586206896,0.5294117647058822,0,0,1,0,0
0.46461949265687574,1,0,0.2162938641493946,0.6206896551724138,0.588235294117647,0,0,0,0,1
0.5287049399198932,1,0,0.24630617689308434,0.27586206896551724,0.05882352941176472,0,0,0,1,0
0.9626168224299064,5,0,0.9623948286476502,0.5172413793103449,0.8235294117647058,0,0,0,1,0
0.21361815754339117,5,0,0.5987071619125796,0.896551724137931,0.35294117647058826,0,1,0,0,0
0.020026702269692928,5,1,0.16314385388877486,0.10344827586206896,0.4705882352941176,1,1,0,0,0
0.6568758344459279,3,0,0.5646932074697312,0.1724137931034483,0.23529411764705882,1,1,0,0,0
0.5674232309746328,5,1,0.7349681920788016,0.24137931034482757,0.35294117647058826,0,0,1,0,0
0.14285714285714285,3,0,0.13256720705930639,0.896551724137931,0.05882352941176472,0,0,0,0,1
0.5994659546061415,1,0,0.13574799917915042,0.9655172413793103,0.11764705882352938,0,1,0,0,0
0.4138851802403204,1,0,0.3750769546480607,0.7931034482758621,0.05882352941176472,0,1,0,0,0
0.9853137516688918,1,1,0.9285347835009234,0.5172413793103449,0.1764705882352941,0,1,0,0,0
0.22563417890520696,2,1,0.6434434639852247,0.13793103448275862,0.35294117647058826,0,0,0,0,1
0.7276368491321762,2,1,0.3798994459265339,0.6896551724137931,0.35294117647058826,0,0,0,0,1
0.5514018691588785,4,1,0.8850810588959573,0.7241379310344828,0.9411764705882353,0,1,0,0,0
0.33377837116154874,4,0,0.7814487995074902,0.3103448275862069,0.8823529411764706,0,1,0,0,0
0.18691588785046728,4,0,0.7700595115945003,0.7586206896551724,0.11764705882352938,0,0,0,1,0
0.36448598130841126,2,1,0.49933305971680686,0.41379310344827586,0.8235294117647058,0,1,0,0,0
0.5540720961281709,2,0,0.6886414939462343,0.9655172413793103,0.7647058823529411,0,0,1,0,0
0.8104138851802403,4,0,0.8052534373076133,0.8620689655172413,0.8235294117647058,1,0,1,0,0
0.9853137516688918,4,0,0.7859121690950134,0.4482758620689655,0.7647058823529411,0,1,0,0,0
0.050734312416555405,5,0,0.6486763800533553,0.20689655172413793,0.35294117647058826,0,0,0,0,1
0.03738317757009346,4,0,0.2509234557767289,0.9655172413793103,0.11764705882352938,0,0,0,1,0
0.6355140186915887,5,0,0.486045557151652,0.6551724137931034,0.9411764705882353,1,0,0,0,1
0.42323097463284376,3,0,0.8859019084752718,0.1724137931034483,0.5294117647058822,0,1,0,0,0
0.3257676902536716,2,0,0.956289759901498,0.20689655172413793,0.8235294117647058,0,0,1,0,0
0.9973297730307075,4,0,0.22470757233736918,0.13793103448275862,0.29411764705882354,0,0,0,1,0
0.9292389853137516,2,0,0.09147342499486968,0.6896551724137931,0.9411764705882353,1,0,0,0,1
0.36181575433911883,2,1,0.6683767699569054,0.5862068965517241,0.9411764705882353,1,0,0,0,1
0.5861148197596795,2,0,0.6019392571311307,0.7586206896551724,0.7647058823529411,0,1,0,0,0
0.9973297730307075,3,0,0.8555817771393393,0.3793103448275862,1.0,1,0,0,1,0
0.31775700934579443,1,1,0.5254976400574595,0.1724137931034483,0.23529411764705882,1,0,1,0,0
0.5020026702269692,4,0,0.13313154114508516,0.896551724137931,0.411764705882353,1,1,0,0,0
0.3538050734312417,1,0,0.8753334701415966,0.0,0.35294117647058826,0,0,0,1,0
0.47797062750333774,1,1,0.01651959778370614,0.10344827586206896,0.1764705882352941,1,0,0,0,1
0.45260347129506007,1,0,0.7776523702031602,0.6206896551724138,1.0,1,1,0,0,0
0.5180240320427236,2,1,0.647034680894726,0.3793103448275862,0.23529411764705882,0,0,0,0,1
0.7690253671562083,5,1,0.05048224912784732,0.48275862068965514,0.8823529411764706,1,0,0,0,1
0.918558077436582,2,1,0.038887748820028725,0.06896551724137931,0.7647058823529411,1,1,0,0,0
0.002670226969292394,2,0,0.609634721937205,0.7586206896551724,0.7647058823529411,0,1,0,0,0
0.5714285714285714,1,0,0.47332238867227583,0.896551724137931,0.4705882352941176,0,1,0,0,0
0.1882510013351135,2,0,0.8869279704494152,0.9310344827586207,0.29411764705882354,0,1,0,0,0
0.5006675567423231,1,0,0.28201313359326907,0.8620689655172413,0.9411764705882353,1,1,0,0,0
0.8931909212283043,5,0,0.01857172173199261,0.6551724137931034,0.6470588235294117,1,0,0,0,1
0.4312416555407209,4,0,0.41170736712497435,0.9310344827586207,0.1764705882352941,1,0,1,0,0
0.19359145527369828,1,0,0.6941309255079007,0.24137931034482757,0.8823529411764706,0,0,1,0,0
0.38985313751668893,5,0,0.7390724399753745,0.3448275862068966,0.588235294117647,0,1,0,0,0
0.8865153538050734,4,0,0.8261337984814283,0.5172413793103449,0.1764705882352941,0,0,0,0,1
0.5754339118825099,3,0,0.40719269443874406,0.27586206896551724,0.9411764705882353,0,0,1,0,0
0.9399198931909213,1,1,0.7148573773855941,0.06896551724137931,0.411764705882353,0,0,1,0,0
0.7797062750333777,1,0,0.4750153909296122,0.13793103448275862,0.7647058823529411,0,0,1,0,0
0.5313751668891855,3,0,0.8137184485942951,0.6551724137931034,0.05882352941176472,0,0,0,0,1
0.4579439252336448,3,1,0.6443156166632464,0.4482758620689655,0.588235294117647,0,1,0,0,0
0.18558077436582107,1,0,0.5358608659963062,0.9310344827586207,0.588235294117647,0,1,0,0,0
0.24833110814419226,3,0,0.7269649086804842,0.8620689655172413,0.29411764705882354,0,1,0,0,0
0.08010680907877168,2,0,0.6092756002462548,0.48275862068965514,0.7647058823529411,0,0,0,1,0
0.5060080106809078,4,1,0.6366201518571721,0.1724137931034483,0.5294117647058822,0,0,0,1,0
0.9465954606141521,4,0,0.9985122101374924,0.896551724137931,0.411764705882353,1,0,0,1,0
0.5861148197596795,4,0,0.2793966755592038,0.8620689655172413,0.35294117647058826,1,0,0,0,1
0.42456608811748997,2,0,0.10799302277857581,0.10344827586206896,0.411764705882353,0,0,1,0,0
0.4018691588785047,3,1,0.40662836035296535,0.24137931034482757,0.411764705882353,0,0,1,0,0
0.4579439252336448,5,0,0.7814487995074902,0.6206896551724138,0.05882352941176472,0,0,0,0,1
0.013351134846461957,3,0,0.9909193515288324,0.896551724137931,0.8823529411764706,0,0,0,0,1
0.0814419225634179,1,1,0.8366509337163964,0.13793103448275862,0.4705882352941176,1,1,0,0,0
0.3004005340453939,4,0,0.9855838292632875,0.41379310344827586,0.7058823529411764,1,1,0,0,0
0.20293724966622165,3,1,0.693925713113072,0.5172413793103449,0.6470588235294117,0,0,0,1,0
0.9479305740987983,5,0,0.6828955468910323,0.0,0.9411764705882353,1,0,0,1,0
0.7516688918558077,1,1,0.0798789246870511,0.41379310344827586,0.05882352941176472,1,0,0,0,1
0.761014686248331,2,0,0.9297660578698953,0.7241379310344828,0.7058823529411764,0,0,0,1,0
0.7783711615487316,2,1,0.7780114918941103,0.3448275862068966,0.0,0,0,1,0,0
0.8798397863818425,5,1,0.7870408372665709,0.6896551724137931,0.588235294117647,1,0,0,0,1
0.7663551401869159,1,0,0.29899445926533963,0.24137931034482757,0.23529411764705882,1,0,0,0,1
0.4125500667556742,4,0,0.3858506053765647,0.8275862068965517,0.0,1,0,1,0,0
0.32309746328437916,3,0,0.8725117997127027,0.24137931034482757,0.7058823529411764,0,1,0,0,0
0.6568758344459279,1,0,0.9271495998358301,0.7931034482758621,0.411764705882353,0,1,0,0,0
0.4873164218958611,2,0,0.7963266981325672,0.9310344827586207,0.29411764705882354,0,0,1,0,0
0.43925233644859807,5,0,0.6814590601272317,0.4482758620689655,0.9411764705882353,0,0,1,0,0
0.14152202937249667,5,0,0.5628462959162733,0.41379310344827586,0.6470588235294117,1,0,0,1,0
0.3004005340453939,3,0,0.1541145085163144,0.06896551724137931,0.0,0,0,0,0,1
0.28971962616822433,5,0,0.22060332444079622,0.10344827586206896,0.11764705882352938,0,0,0,1,0
0.6742323097463284,5,1,0.8962651344141186,0.896551724137931,0.7647058823529411,1,0,1,0,0
0.3444592790387183,1,0,0.23645598194130926,0.6551724137931034,0.411764705882353,0,0,0,1,0
0.6889185580774365,4,0,0.4807100348861071,0.48275862068965514,0.588235294117647,0,0,1,0,0
0.07076101468624832,3,0,0.7222450235994254,0.48275862068965514,0.7647058823529411,0,0,0,1,0
0.061415220293724954,1,0,0.7736507285040016,1.0,0.411764705882353,0,0,0,1,0
0.9692923898531375,4,0,0.7510260619741432,0.896551724137931,0.11764705882352938,0,1,0,0,0
0.918558077436582,1,0,0.5176995690539709,0.6896551724137931,0.35294117647058826,1,0,1,0,0
0.6942590120160214,1,0,0.42971475477118815,0.41379310344827586,0.1764705882352941,1,0,0,1,0
0.1308411214953271,5,1,0.08182844243792325,0.27586206896551724,0.8823529411764706,1,0,0,0,1
0.025367156208277702,4,0,0.5950133388056639,0.9310344827586207,0.7058823529411764,0,0,0,1,0
0.7636849132176234,3,1,0.19213010465832137,0.8275862068965517,0.23529411764705882,0,0,0,1,0
0.6528704939919893,3,1,0.7119331007592858,0.3103448275862069,0.23529411764705882,0,0,0,0,1
0.5580774365821094,4,1,0.9774266365688487,0.9655172413793103,0.1764705882352941,1,0,1,0,0
0.9198931909212282,5,1,0.6677098296737123,0.3793103448275862,0.05882352941176472,0,1,0,0,0
0.0814419225634179,2,0,0.9728093576852042,0.4482758620689655,0.7058823529411764,0,1,0,0,0
0.19225634178905207,1,0,0.38118202339421303,0.0,0.8823529411764706,1,1,0,0,0
0.2870493991989319,5,1,0.9690129283808742,0.4482758620689655,0.05882352941176472,0,0,0,0,1
0.002670226969292394,4,0,0.24230453519392572,0.4482758620689655,0.9411764705882353,1,0,0,1,0
0.212283044058745,1,0,0.5353478350092346,0.24137931034482757,0.23529411764705882,0,0,1,0,0
0.9853137516688918,3,1,0.6806382105479171,0.5172413793103449,1.0,1,0,0,1,0
0.1588785046728972,2,1,0.6715575620767494,0.4482758620689655,1.0,0,1,0,0,0
0.11748998664886515,3,1,0.35912169095013335,0.0,0.411764705882353,0,0,0,1,0
0.43791722296395186,4,1,0.3144366919761954,0.5172413793103449,0.8235294117647058,1,0,0,0,1
0.7730307076101468,1,1,0.6802277857582598,0.5862068965517241,0.7058823529411764,0,0,0,0,1
0.4753004005340453,4,0,0.6469320746973117,0.20689655172413793,0.7058823529411764,0,0,1,0,0
0.8130841121495327,1,1,0.23265955263697927,0.48275862068965514,0.8823529411764706,0,0,1,0,0
0.3551401869158879,5,0,0.6715062589780423,0.7931034482758621,0.7058823529411764,0,1,0,0,0
0.822429906542056,2,0,0.11969012928380873,0.5517241379310345,0.05882352941176472,0,0,1,0,0
0.4299065420560747,5,1,0.2215780833162323,0.6206896551724138,0.11764705882352938,0,0,0,1,0
0.8464619492656875,5,0,0.6798686640673096,0.7586206896551724,0.8235294117647058,1,0,0,0,1
0.7209612817089452,4,0,0.9935871126616047,0.41379310344827586,0.7058823529411764,1,0,0,0,1
0.8651535380507342,2,0,0.028575825979889183,0.27586206896551724,0.23529411764705882,0,0,0,0,1
0.2590120160213618,1,1,0.03647650318079212,0.7931034482758621,0.29411764705882354,0,0,1,0,0
0.9839786381842456,1,0,0.23553252616458034,0.7931034482758621,0.7647058823529411,0,0,0,0,1
0.4419225634178905,3,1,0.7788836445721321,0.48275862068965514,0.1764705882352941,1,0,0,0,1
0.22563417890520696,1,0,0.7828339831725836,0.8275862068965517,0.35294117647058826,0,0,0,0,1
0.6942590120160214,4,1,0.013030987071619128,0.8620689655172413,0.1764705882352941,1,1,0,0,0
0.616822429906542,5,1,0.7475887543607633,0.06896551724137931,0.05882352941176472,1,1,0,0,0
0.0520694259012016,5,0,0.0017956084547506683,0.7931034482758621,0.35294117647058826,0,0,1,0,0
0.7156208277703604,5,0,0.5264723989328955,0.0,0.11764705882352938,1,0,0,0,1
0.3471295060080106,2,0,0.6512928380874204,0.5172413793103449,0.8235294117647058,0,0,1,0,0
0.5260347129506008,1,1,0.44377180381695047,0.24137931034482757,0.0,1,0,0,0,1
0.3004005340453939,4,1,0.8171557562076749,0.9655172413793103,0.05882352941176472,1,0,0,0,1
0.16421895861148197,2,1,0.0938846706341063,0.7586206896551724,0.5294117647058822,0,0,0,0,1
0.04939919893190921,3,0,0.7959675764416171,0.41379310344827586,0.8823529411764706,0,0,1,0,0
0.43658210947930576,4,1,0.26498050482249125,0.24137931034482757,0.8235294117647058,0,0,1,0,0
0.33377837116154874,4,1,0.022060332444079622,0.5517241379310345,0.8235294117647058,1,0,0,0,1
0.2336448598130841,4,1,0.21285655653601476,0.7241379310344828,0.7647058823529411,0,0,0,1,0
0.8024032042723631,5,1,0.7649292017237841,0.7586206896551724,0.7647058823529411,0,0,1,0,0
0.6048064085447262,4,0,0.32880155961420066,0.4482758620689655,0.29411764705882354,0,1,0,0,0
0.048064085447263025,1,0,0.930279088856967,0.896551724137931,0.7647058823529411,0,0,1,0,0
0.42056074766355134,4,1,0.013030987071619128,0.6896551724137931,0.9411764705882353,1,0,0,0,1
0.9172229639519358,5,1,0.03432177303509132,1.0,1.0,1,0,0,1,0
0.7903871829105473,4,0,0.024984609070387853,0.6896551724137931,0.9411764705882353,1,0,0,0,1
0.15086782376502003,3,0,0.35332444079622405,0.20689655172413793,0.8823529411764706,0,1,0,0,0
0.0520694259012016,3,0,0.6107120870100554,0.896551724137931,0.411764705882353,0,0,1,0,0
0.4005340453938585,5,0,0.9479786579109378,0.48275862068965514,0.35294117647058826,0,0,1,0,0
0.2977303070761015,1,0,0.9267391750461728,0.5172413793103449,0.6470588235294117,0,0,0,0,1
0.42323097463284376,1,1,0.6464703468089472,0.6206896551724138,0.4705882352941176,0,0,0,0,1
0.46461949265687574,2,1,0.12610301662220397,0.1724137931034483,0.7647058823529411,0,1,0,0,0
0.15220293724966621,5,0,0.23224912784732196,0.7586206896551724,0.0,1,0,0,1,0
0.9305740987983978,4,0,0.10122101374923045,0.0,0.5294117647058822,1,1,0,0,0
0.4299065420560747,5,0,0.16488815924481837,0.3793103448275862,0.9411764705882353,0,0,0,1,0
0.7570093457943925,2,0,0.7318387030576646,0.5862068965517241,0.9411764705882353,1,0,1,0,0
0.0520694259012016,5,1,0.49143238251590393,0.5172413793103449,0.9411764705882353,1,0,0,1,0
0.0520694259012016,5,1,0.23153088446542172,0.3793103448275862,0.1764705882352941,1,0,0,1,0
0.9986648865153537,2,0,0.6179971270264724,0.6551724137931034,0.9411764705882353,1,0,1,0,0
0.3845126835781041,1,1,0.5014364867638006,0.41379310344827586,1.0,1,0,1,0,0
0.34846461949265684,4,1,0.15190847527190643,0.24137931034482757,0.05882352941176472,0,0,1,0,0
0.2870493991989319,2,1,0.3480402216293864,0.896551724137931,0.411764705882353,0,1,0,0,0
0.19492656875834444,3,0,0.7112661604760927,0.9655172413793103,0.7058823529411764,0,0,1,0,0
0.4472630173564752,1,1,0.3179766057869895,1.0,0.8235294117647058,0,0,0,0,1
0.22296395193591453,3,0,0.8905191873589164,0.8620689655172413,0.4705882352941176,0,0,1,0,0
0.12149532710280372,1,0,0.3767186538066899,0.7241379310344828,0.11764705882352938,0,0,1,0,0
0.4699599465954606,4,0,0.0022060332444079622,0.0,0.11764705882352938,1,0,1,0,0
0.761014686248331,4,0,0.06110199056022983,0.8620689655172413,0.05882352941176472,1,0,0,1,0
0.761014686248331,5,0,0.2313769751693002,0.6896551724137931,0.0,0,1,0,0,0
0.9078771695594124,3,0,0.8530679253026883,0.20689655172413793,0.7647058823529411,0,0,1,0,0
0.4833110814419225,1,0,0.46075312948902114,0.48275862068965514,0.9411764705882353,0,1,0,0,0
0.7423230974632843,4,1,0.032526164580340654,0.9655172413793103,0.7058823529411764,1,0,0,0,1
0.459279038718291,2,1,0.19356659142212188,0.7241379310344828,0.8235294117647058,0,0,0,0,1
0.9238985313751669,4,0,0.12410219577262466,0.41379310344827586,0.7647058823529411,0,0,1,0,0
0.22563417890520696,2,1,0.6681202544633695,0.41379310344827586,0.05882352941176472,1,0,0,0,1
0.4739652870493991,1,1,0.4759901498050483,0.9310344827586207,0.35294117647058826,0,1,0,0,0
0.2536715620827771,4,1,0.21449825569464395,0.27586206896551724,0.9411764705882353,0,0,0,1,0
0.8891855807743658,4,0,0.5822388672275806,0.7931034482758621,1.0,1,0,1,0,0
0.562082777036048,1,1,0.8769751693002257,0.48275862068965514,0.29411764705882354,1,0,0,0,1
0.9332443257676902,4,1,0.2729837882208085,0.10344827586206896,0.411764705882353,0,1,0,0,0
0.008010680907877168,2,1,0.6610917299404884,0.41379310344827586,0.05882352941176472,1,1,0,0,0
0.17623497997329773,4,0,0.18684588549148368,0.896551724137931,0.0,1,0,0,0,1
0.9959946595460613,3,0,0.8280320131335932,0.3793103448275862,0.8823529411764706,0,1,0,0,0
0.7423230974632843,5,1,0.39867638005335515,0.13793103448275862,0.35294117647058826,1,1,0,0,0
0.040053404539385856,2,0,0.5528421916683768,0.20689655172413793,0.588235294117647,0,0,1,0,0
0.7129506008010681,3,0,0.6412374307408167,0.24137931034482757,0.8235294117647058,0,1,0,0,0
0.5674232309746328,1,0,0.7391237430740817,0.13793103448275862,0.7058823529411764,0,0,0,0,1
0.5246995994659546,2,1,0.10804432587728299,0.27586206896551724,0.05882352941176472,0,0,1,0,0
0.8958611481975968,5,1,0.18530679253026883,0.4482758620689655,0.7647058823529411,1,0,0,0,1
0.4833110814419225,5,0,0.5258054586497024,0.8620689655172413,0.29411764705882354,0,0,0,1,0
0.582109479305741,1,1,0.5990149805048225,0.3793103448275862,0.4705882352941176,1,0,0,0,1
0.8931909212283043,1,0,0.7369690129283809,0.10344827586206896,0.35294117647058826,1,0,0,0,1
0.7343124165554071,2,1,0.22214241740201107,0.6551724137931034,1.0,0,0,1,0,0
0.10814419225634178,4,1,0.615637184485943,0.9655172413793103,0.4705882352941176,1,1,0,0,0
0.4739652870493991,1,1,0.8053560435050277,0.24137931034482757,0.1764705882352941,1,0,0,0,1
0.3431241655540721,4,1,0.706289759901498,0.5517241379310345,0.4705882352941176,1,0,1,0,0
0.9572763684913218,3,0,0.35712087010055404,0.24137931034482757,0.1764705882352941,1,0,0,1,0
0.7850467289719626,5,1,0.40201108146932074,0.6896551724137931,0.6470588235294117,1,0,1,0,0
0.6982643524699599,4,0,0.6360045146726863,0.9655172413793103,0.1764705882352941,1,0,1,0,0
0.39252336448598135,5,1,0.628001231274369,1.0,0.7647058823529411,0,1,0,0,0
0.2977303070761015,4,1,0.0945516109172994,0.896551724137931,0.35294117647058826,1,0,0,0,1
0.6995994659546061,3,1,0.715165195977837,0.0,0.7058823529411764,0,0,0,1,0
0.06008010680907877,1,0,0.8600451467268623,0.6551724137931034,0.411764705882353,0,0,1,0,0
0.8891855807743658,3,1,0.21085573568643545,0.034482758620689655,0.23529411764705882,0,0,0,0,1
0.14953271028037382,1,0,0.655550995280115,0.10344827586206896,0.6470588235294117,0,0,0,0,1
0.30974632843791716,1,0,0.8048430125179561,0.7931034482758621,0.7058823529411764,0,0,1,0,0
0.021361815754339125,5,1,0.5174430535604351,0.6896551724137931,0.7647058823529411,0,0,0,0,1
0.47930574098798395,3,0,0.077313769751693,0.0,1.0,0,0,1,0,0
0.2963951935914553,4,1,0.636261030166222,0.20689655172413793,0.1764705882352941,0,0,1,0,0
0.9332443257676902,3,0,0.08085368356248718,0.0,1.0,1,0,1,0,0
0.5967957276368491,5,0,0.8855427867843217,0.27586206896551724,0.35294117647058826,1,0,0,1,0
0.4859813084112149,1,1,0.9513646624256105,0.06896551724137931,0.8235294117647058,0,0,1,0,0
0.8998664886515353,5,0,0.7235789041658116,0.3793103448275862,0.29411764705882354,1,1,0,0,0
0.43391188251001334,2,0,0.5047198850810589,0.6206896551724138,0.8823529411764706,0,0,0,0,1
0.6221628838451267,2,1,0.6632977631848964,0.48275862068965514,0.411764705882353,0,0,0,1,0
0.5514018691588785,4,0,0.06961830494561871,0.7241379310344828,0.8823529411764706,1,0,0,0,1
0.6061415220293724,5,1,0.2175251385183665,0.5172413793103449,0.8823529411764706,0,0,0,1,0
0.781041388518024,4,0,0.8445516109172994,0.3103448275862069,0.11764705882352938,1,1,0,0,0
0.30974632843791716,4,1,0.9806074286886928,0.7241379310344828,0.9411764705882353,1,0,0,1,0
0.2977303070761015,2,1,0.13887748820028728,0.9655172413793103,0.4705882352941176,0,0,0,1,0
0.548731642189586,4,1,0.9647034680894726,0.896551724137931,0.11764705882352938,1,0,0,1,0
0.7623497997329772,2,0,0.6561153293658937,0.896551724137931,0.35294117647058826,0,0,0,0,1
0.445927903871829,1,1,0.8746665298584034,0.1724137931034483,1.0,0,0,1,0,0
0.29506008010680906,5,1,0.9684998973938026,0.9655172413793103,0.6470588235294117,1,0,0,0,1
0.048064085447263025,4,1,0.1794069361789452,0.5517241379310345,0.8823529411764706,0,0,1,0,0
0.369826435246996,2,0,0.5996306176893085,0.6896551724137931,0.9411764705882353,0,0,0,0,1
0.260347129506008,3,1,0.41442643135645396,0.9310344827586207,0.8235294117647058,0,1,0,0,0
0.6448598130841121,4,1,0.06089677816540119,0.7241379310344828,0.0,1,1,0,0,0
0.32176234979973295,1,0,0.7134208906217936,0.7931034482758621,0.05882352941176472,0,0,0,1,0
0.4312416555407209,1,0,0.6540632054176072,0.9655172413793103,0.411764705882353,0,1,0,0,0
0.9746328437917223,3,1,0.7547711881797661,0.5517241379310345,0.05882352941176472,1,0,0,1,0
0.2550066755674232,2,0,0.05248306997742663,0.6896551724137931,0.4705882352941176,0,0,1,0,0
0.021361815754339125,4,1,0.0035399138107941736,0.6206896551724138,0.4705882352941176,0,1,0,0,0
0.6982643524699599,2,1,0.28442437923250563,0.5862068965517241,0.7058823529411764,0,0,1,0,0
0.5340453938584779,1,1,0.1376462138313154,0.3448275862068966,0.29411764705882354,1,0,0,0,1
0.9399198931909213,2,0,0.4813769751693002,0.7931034482758621,0.8235294117647058,0,0,1,0,0
0.028037383177570097,1,0,0.9352554894315617,0.20689655172413793,0.8235294117647058,0,0,0,0,1
0.6315086782376501,2,1,0.54247896572953,0.3103448275862069,1.0,0,0,1,0,0
0.1588785046728972,3,0,0.10363225938846707,0.20689655172413793,0.35294117647058826,0,0,1,0,0
0.27903871829105475,5,1,0.8120767494356659,0.13793103448275862,0.588235294117647,1,1,0,0,0
0.40720961281708945,3,0,0.6637594910732608,0.3793103448275862,0.411764705882353,0,0,1,0,0
0.3591455273698264,3,0,0.9070387851426226,0.5172413793103449,0.29411764705882354,0,1,0,0,0
0.9385847797062751,5,0,0.21034270469936384,0.9655172413793103,0.411764705882353,0,1,0,0,0
0.9158878504672897,5,0,0.8868253642520008,0.8275862068965517,0.05882352941176472,0,0,0,1,0
0.37917222963951935,4,1,0.15514057049045762,0.6896551724137931,0.8823529411764706,0,0,0,1,0
0.9546061415220294,4,0,0.34408988302893495,0.5862068965517241,0.35294117647058826,1,0,0,0,1
0.9012016021361815,3,0,0.3061255899856351,0.06896551724137931,0.5294117647058822,0,0,1,0,0
0.30173564753004,3,0,0.1343115124153499,0.6551724137931034,0.6470588235294117,1,0,0,0,1
0.507343124165554,1,0,0.13564539298173608,0.48275862068965514,0.9411764705882353,0,0,1,0,0
0.6128170894526034,1,0,0.24948696901292836,0.13793103448275862,0.35294117647058826,0,0,0,1,0
0.008010680907877168,4,1,0.1173301867432793,0.41379310344827586,0.411764705882353,1,0,0,1,0
0.03738317757009346,4,0,0.3780012312743689,0.6206896551724138,0.35294117647058826,0,0,1,0,0
0.042723631508678236,1,0,0.7106505232916068,0.3793103448275862,0.1764705882352941,0,0,1,0,0
0.8611481975967957,1,0,0.4963574799917915,1.0,0.11764705882352938,0,0,0,1,0
0.1041388518024032,2,1,0.5818284424379232,0.7586206896551724,0.8235294117647058,0,0,0,1,0
0.6114819759679573,2,0,0.9143238251590395,0.6896551724137931,0.1764705882352941,1,0,0,0,1
0.7596795727636849,1,0,0.039144264313564534,0.13793103448275862,0.4705882352941176,0,0,0,1,0
0.7169559412550066,2,1,0.6499589575210343,0.1724137931034483,0.7058823529411764,1,0,1,0,0
0.6421895861148197,5,0,0.8288528627129078,0.20689655172413793,1.0,1,0,0,0,1
0.5727636849132176,4,0,0.20982967371229222,0.8620689655172413,0.8823529411764706,0,0,1,0,0
0.9839786381842456,4,0,0.6655550995280115,0.3103448275862069,0.0,1,1,0,0,0
0.37917222963951935,1,1,0.47911963882618513,0.5172413793103449,0.1764705882352941,1,0,0,0,1
0.6875834445927903,3,0,0.6326698132567207,0.24137931034482757,1.0,0,0,1,0,0
0.1308411214953271,1,1,0.8246973117176277,0.27586206896551724,0.411764705882353,0,0,0,1,0
0.5287049399198932,2,1,0.8122819618304945,0.896551724137931,0.8823529411764706,1,1,0,0,0
0.651535380507343,3,0,0.13667145495587932,0.10344827586206896,0.588235294117647,1,0,1,0,0
0.050734312416555405,2,0,0.30607428688692795,0.6896551724137931,1.0,0,0,0,0,1
0.3604806408544726,5,0,0.3919043710240099,0.6896551724137931,0.588235294117647,0,0,1,0,0
0.20827770360480638,2,1,0.9523394213010465,0.24137931034482757,0.11764705882352938,0,1,0,0,0
0.09879839786381842,5,0,0.504412066488816,0.8275862068965517,0.411764705882353,1,0,0,0,1
0.17222963951935916,5,0,0.19936384157603118,0.20689655172413793,0.5294117647058822,0,1,0,0,0
0.9158878504672897,2,0,0.042991996716601685,0.48275862068965514,0.8823529411764706,0,0,1,0,0
0.11081441922563418,2,1,0.7116252821670429,0.6896551724137931,0.23529411764705882,0,0,0,1,0
0.028037383177570097,5,0,0.5563308023804637,0.06896551724137931,0.4705882352941176,0,0,0,1,0
0.6114819759679573,3,1,0.30253437307613373,0.5517241379310345,0.411764705882353,0,0,1,0,0
0.7182910547396528,5,0,0.028883644572132154,0.3448275862068966,0.588235294117647,0,0,1,0,0
0.9425901201602135,4,0,0.30797250153909295,0.27586206896551724,0.8823529411764706,1,0,1,0,0
0.5086782376502003,5,0,0.46962856556536015,0.13793103448275862,0.35294117647058826,0,0,0,0,1
0.9973297730307075,3,0,0.5372460496613995,0.8275862068965517,0.8235294117647058,0,1,0,0,0
0.5861148197596795,4,0,0.4712189616252821,0.3103448275862069,0.9411764705882353,0,1,0,0,0
0.8050734312416555,1,0,0.37061358506053765,0.48275862068965514,0.29411764705882354,0,1,0,0,0
0.0267022696929239,1,1,0.4810691565770573,0.9310344827586207,0.8235294117647058,0,0,1,0,0
0.4032042723631508,3,1,0.30207264518776933,0.9655172413793103,0.411764705882353,0,1,0,0,0
0.11081441922563418,5,1,0.6726349271495998,0.4482758620689655,0.35294117647058826,1,0,1,0,0
0.8785046728971962,2,0,0.22106505232916068,0.10344827586206896,0.05882352941176472,0,0,0,0,1
0.60347129506008,3,0,0.5871126616047609,0.6896551724137931,0.7058823529411764,0,0,0,1,0
0.5153538050734312,4,0,0.4538272111635543,0.6551724137931034,0.29411764705882354,1,0,1,0,0
0.6755674232309746,4,1,0.9934332033654834,0.034482758620689655,0.23529411764705882,1,0,1,0,0
0.3417890520694259,1,1,0.31197414323825157,0.3793103448275862,0.0,0,0,0,1,0
0.7596795727636849,4,0,0.6462138313154114,0.0,1.0,0,0,0,1,0
0.7022696929238985,3,0,0.8689718859019084,0.7931034482758621,0.8235294117647058,0,0,0,0,1
0.21495327102803738,4,0,0.9953314180176482,0.6551724137931034,0.5294117647058822,0,1,0,0,0
0.2162883845126836,3,0,0.1322593884670634,0.13793103448275862,0.11764705882352938,0,0,1,0,0
0.6982643524699599,2,0,0.7101374923045352,0.1724137931034483,0.23529411764705882,0,1,0,0,0
0.3604806408544726,1,1,0.48999589575210345,1.0,0.7058823529411764,0,0,1,0,0
0.6555407209612817,4,1,0.4814282782680074,0.7931034482758621,0.411764705882353,1,0,0,0,1
0.27636849132176233,3,0,0.7507182433819003,0.3448275862068966,0.05882352941176472,0,0,0,1,0
0.7182910547396528,5,0,0.03432177303509132,0.24137931034482757,0.4705882352941176,0,0,0,0,1
0.7783711615487316,1,1,0.039759901498050476,0.20689655172413793,0.9411764705882353,0,0,0,1,0
0.0787716955941255,2,0,0.15493535809562897,0.10344827586206896,1.0,0,1,0,0,0
0.5727636849132176,3,0,0.9358711266160475,0.1724137931034483,0.7058823529411764,0,1,0,0,0
0.8758344459279038,2,0,0.7087523086394418,0.5172413793103449,0.0,0,0,0,0,1
0.8064085447263016,2,0,0.7314795813667145,0.6551724137931034,0.6470588235294117,0,0,0,1,0
0.4112149532710281,4,0,0.05499692181407757,0.48275862068965514,0.23529411764705882,0,0,0,0,1
0.6929238985313751,4,1,0.5082084957931459,0.4482758620689655,0.411764705882353,0,0,0,1,0
0.787716955941255,3,0,0.48599425405294483,0.7586206896551724,0.8235294117647058,0,0,0,1,0
0.03471295060080107,5,0,0.6605786989534168,0.3793103448275862,0.11764705882352938,0,1,0,0,0
0.9145527369826435,3,1,0.7756002462548738,0.9655172413793103,0.29411764705882354,0,1,0,0,0
0.7489986648865153,5,0,0.10178534783500923,0.3793103448275862,0.7058823529411764,0,0,0,1,0
0.26435246995994655,2,1,0.5552534373076133,0.5172413793103449,0.6470588235294117,0,0,0,1,0
0.5153538050734312,1,1,0.47152678021752514,0.48275862068965514,1.0,1,0,0,1,0
0.46461949265687574,3,0,0.8941104042684178,0.9655172413793103,0.0,1,1,0,0,0
0.9238985313751669,3,1,0.11153293658937,0.41379310344827586,0.35294117647058826,0,1,0,0,0
0.7142857142857142,5,0,0.9603940077980709,0.3448275862068966,0.6470588235294117,0,0,1,0,0
0.5033377837116154,2,1,0.5153396265134415,1.0,0.5294117647058822,0,0,0,1,0
0.7436582109479305,2,0,0.8660989123743074,0.5517241379310345,0.6470588235294117,1,0,1,0,0
0.7022696929238985,5,1,0.955007182433819,0.6896551724137931,0.588235294117647,1,0,0,1,0
0.20293724966622165,2,1,0.23630207264518774,0.48275862068965514,0.1764705882352941,1,1,0,0,0
0.9786381842456607,4,0,0.6107120870100554,0.4482758620689655,0.29411764705882354,1,0,1,0,0
0.2736982643524699,1,0,0.3710240098501949,0.3103448275862069,0.4705882352941176,0,0,1,0,0
0.6061415220293724,3,1,0.33901087625692594,0.3793103448275862,0.5294117647058822,1,0,0,0,1
0.36315086782376504,1,1,0.5398112045967577,0.5172413793103449,0.23529411764705882,0,0,0,1,0
0.3137516688918558,3,0,0.8712292222450236,0.48275862068965514,0.7058823529411764,0,1,0,0,0
0.986648865153538,4,1,0.6879232505643341,0.3103448275862069,0.4705882352941176,0,0,0,0,1
0.6942590120160214,2,0,0.470859839934332,0.10344827586206896,0.05882352941176472,1,0,0,0,1
0.9038718291054739,5,0,0.7809870716191258,0.896551724137931,1.0,1,0,0,1,0
0.9679572763684913,4,0,0.5166735070798276,0.7586206896551724,0.0,1,0,0,0,1
0.6675567423230975,1,0,0.2298891853067925,0.9655172413793103,0.6470588235294117,0,0,0,1,0
0.1548731642189586,5,1,0.30263697927354816,0.27586206896551724,0.5294117647058822,1,0,0,0,1
0.514018691588785,2,0,0.31433408577878097,0.6896551724137931,0.05882352941176472,0,0,0,1,0
0.4579439252336448,4,1,0.9304329981530884,0.6551724137931034,0.4705882352941176,0,1,0,0,0
0.7783711615487316,5,0,0.9668581982351734,0.27586206896551724,0.05882352941176472,0,0,0,1,0
0.5260347129506008,4,0,0.534219166837677,0.6896551724137931,0.7647058823529411,0,0,0,1,0
0.08411214953271029,4,0,0.22983788220808535,0.8275862068965517,0.588235294117647,0,0,1,0,0
0.9559412550066756,2,0,0.496819207880156,0.7931034482758621,0.588235294117647,1,1,0,0,0
0.9612817089452602,3,0,0.3795403242355838,0.6551724137931034,0.9411764705882353,0,1,0,0,0
0.09479305740987984,5,0,0.34906628360352965,0.3448275862068966,0.1764705882352941,1,1,0,0,0
0.36448598130841126,2,0,0.5394007798071003,0.3448275862068966,0.7058823529411764,0,0,0,0,1
0.4259012016021362,4,0,0.3793351118407552,0.20689655172413793,0.35294117647058826,1,0,1,0,0
0.44993324432576765,2,0,0.3763595321157398,0.6896551724137931,0.8823529411764706,0,1,0,0,0
0.4873164218958611,3,0,0.5103632259388468,0.3103448275862069,0.0,0,0,0,0,1
0.6595460614152202,5,1,0.6411861276421096,0.10344827586206896,0.7058823529411764,1,0,0,0,1
0.8090787716955941,3,1,0.59219166837677,0.13793103448275862,0.0,0,0,0,0,1
0.22029372496662217,1,0,0.26877693412682124,0.13793103448275862,0.588235294117647,0,0,1,0,0
0.7249666221628838,5,0,0.24076544223271082,0.3448275862068966,0.29411764705882354,0,0,0,0,1
0.013351134846461957,3,0,0.5914221218961625,0.27586206896551724,0.11764705882352938,0,0,1,0,0
0.4005340453938585,4,1,0.734147342499487,0.9310344827586207,0.6470588235294117,1,0,0,1,0
0.9719626168224299,5,0,0.9732197824748615,0.5172413793103449,0.23529411764705882,1,0,0,0,1
0.1348464619492657,5,0,0.7344551610917299,0.27586206896551724,0.4705882352941176,1,1,0,0,0
0.5660881174899866,2,0,0.9318694849168889,0.7241379310344828,0.6470588235294117,0,0,0,0,1
0.5220293724966621,4,0,0.5808536835624871,1.0,0.5294117647058822,0,0,0,1,0
0.2843791722296395,1,0,0.1649907654422327,0.10344827586206896,0.23529411764705882,0,0,0,1,0
0.9212283044058744,3,1,0.2059306382105479,0.034482758620689655,0.23529411764705882,0,0,0,0,1
0.11615487316421896,2,0,0.145444284834804,0.4482758620689655,0.4705882352941176,0,0,0,1,0
0.7369826435246996,3,1,0.8367535399138107,0.06896551724137931,0.9411764705882353,0,0,1,0,0
0.5340453938584779,1,0,0.36076339010876257,0.5862068965517241,0.5294117647058822,0,0,1,0,0
0.7837116154873164,1,0,0.37487174225323205,0.6896551724137931,0.0,1,0,0,0,1
0.06008010680907877,5,1,0.7375846501128668,0.1724137931034483,0.8823529411764706,1,0,1,0,0
0.8958611481975968,1,0,0.21737122922224503,0.3448275862068966,0.8235294117647058,0,0,1,0,0
0.616822429906542,3,1,0.6221013749230454,0.6896551724137931,0.9411764705882353,1,1,0,0,0
0.7890520694259011,4,0,0.813359326903345,0.5862068965517241,0.7058823529411764,1,0,0,0,1
0.4125500667556742,4,0,0.49297147547711884,0.3793103448275862,0.0,1,0,0,1,0
0.11348464619492657,5,1,0.2128052534373076,0.13793103448275862,0.411764705882353,0,0,0,0,1
0.12149532710280372,3,0,0.5698235173404473,0.27586206896551724,0.23529411764705882,0,0,1,0,0
0.8798397863818425,3,1,0.0740816745331418,0.6551724137931034,0.29411764705882354,0,1,0,0,0
0.897196261682243,1,0,0.6122511799712702,0.9310344827586207,0.7647058823529411,1,0,0,0,1
0.951935914552737,3,1,0.5660783911348245,0.8620689655172413,0.588235294117647,0,0,0,0,1
0.32176234979973295,2,0,0.3317258362405089,0.5862068965517241,0.29411764705882354,0,0,1,0,0
0.001335113484646197,1,0,0.7192181407757029,0.6206896551724138,0.588235294117647,0,0,1,0,0
0.2990654205607477,2,1,0.21408783090498665,0.06896551724137931,0.7058823529411764,1,0,0,0,1
0.9933244325767691,5,1,0.7894520829058075,0.27586206896551724,0.6470588235294117,0,0,1,0,0
0.7850467289719626,4,1,0.2605171352349682,0.10344827586206896,0.05882352941176472,0,0,1,0,0
0.15353805073431243,5,1,0.7936076339010876,0.5517241379310345,0.11764705882352938,0,0,1,0,0
0.8878504672897196,4,1,0.763954442848348,0.5517241379310345,0.1764705882352941,0,0,1,0,0
0.13618157543391188,5,0,0.8847732403037143,0.7586206896551724,0.9411764705882353,0,0,1,0,0
0.2576769025367156,3,0,0.8212087010055408,0.7586206896551724,0.29411764705882354,0,1,0,0,0
0.22029372496662217,2,0,0.31884875846501126,0.034482758620689655,0.35294117647058826,0,0,1,0,0
0.11882510013351136,4,0,0.2908885696696081,0.27586206896551724,0.8235294117647058,0,0,0,1,0
0.9145527369826435,1,0,0.07695464806074287,0.27586206896551724,0.588235294117647,0,0,0,0,1
0.16154873164218958,2,0,0.07223476297968397,0.13793103448275862,0.11764705882352938,0,1,0,0,0
0.18958611481975965,1,0,0.19331007592858607,0.48275862068965514,0.29411764705882354,0,1,0,0,0
0.14018691588785046,2,1,0.5179047814487995,0.48275862068965514,0.05882352941176472,0,0,1,0,0
0.5700934579439252,2,0,0.2051610917299405,0.06896551724137931,0.7647058823529411,0,0,0,0,1
0.40587449933244324,5,0,0.0305766468294685,0.6206896551724138,0.4705882352941176,0,0,0,1,0
0.42189586114819755,4,0,0.5630002052123948,0.9310344827586207,1.0,0,0,1,0,0
0.8464619492656875,4,1,0.9964600861892059,0.06896551724137931,0.6470588235294117,1,0,0,0,1
0.010680907877169563,2,1,0.3277754976400574,0.1724137931034483,0.7058823529411764,0,0,1,0,0
0.09612817089452602,3,1,0.8438333675353992,0.10344827586206896,0.6470588235294117,0,0,1,0,0
0.47797062750333774,3,0,0.7647239893289555,0.7931034482758621,0.6470588235294117,0,0,1,0,0
0.2963951935914553,1,0,0.5945003078185922,0.41379310344827586,1.0,0,0,1,0,0
0.5540720961281709,1,0,0.8350605376564745,0.896551724137931,0.4705882352941176,0,0,1,0,0
0.7369826435246996,5,0,0.14098091524728093,0.41379310344827586,0.9411764705882353,1,0,1,0,0
0.49265687583444584,2,0,0.5086189205828032,0.896551724137931,0.8823529411764706,0,0,1,0,0
0.9546061415220294,1,0,0.34906628360352965,0.3448275862068966,0.9411764705882353,0,0,0,1,0
0.35113484646194926,1,0,0.3297250153909296,0.13793103448275862,0.411764705882353,0,1,0,0,0
0.9198931909212282,2,1,0.4166324646008619,0.0,0.588235294117647,1,0,0,1,0
0.42323097463284376,5,1,0.9241227170121075,0.27586206896551724,0.05882352941176472,1,0,1,0,0
0.11081441922563418,1,0,0.3309049866611943,0.5517241379310345,0.411764705882353,0,0,1,0,0
0.42323097463284376,5,0,0.8801559614200698,0.7241379310344828,0.6470588235294117,0,0,0,1,0
0.14686248331108145,4,0,0.7928380874204802,0.0,0.0,0,0,0,1,0
0.33377837116154874,5,0,0.2060845475066694,0.06896551724137931,0.7058823529411764,0,1,0,0,0
0.5100133511348465,3,1,0.6370305766468295,0.48275862068965514,0.9411764705882353,0,0,0,1,0
0.008010680907877168,3,0,0.04755797250153909,0.8620689655172413,0.7647058823529411,0,1,0,0,0
0.6114819759679573,5,1,0.994972296326698,0.6896551724137931,0.7647058823529411,1,0,1,0,0
0.11081441922563418,3,0,0.32126000410424793,0.8620689655172413,0.8823529411764706,1,0,0,0,1
0.27636849132176233,4,1,0.4089369997947876,0.7586206896551724,0.9411764705882353,0,0,0,0,1
0.5193591455273698,2,0,0.4973835419659347,1.0,0.29411764705882354,0,0,0,0,1
0.417890520694259,3,1,0.5712087010055408,0.3103448275862069,0.35294117647058826,0,0,0,0,1
0.028037383177570097,3,0,0.9850707982762159,0.24137931034482757,0.0,0,0,1,0,0
0.5460614152202937,5,1,0.06064026267186538,0.3793103448275862,0.8235294117647058,1,0,0,0,1
0.6862483311081441,4,0,0.8674840960394008,0.8275862068965517,1.0,1,0,0,1,0
0.16822429906542055,2,0,0.04689103221834599,0.7241379310344828,0.7058823529411764,0,0,0,1,0
0.9332443257676902,5,1,0.18325466858198233,0.48275862068965514,0.05882352941176472,1,0,0,0,1
0.017356475300400534,5,1,0.17017237841165606,0.896551724137931,0.8235294117647058,0,0,0,1,0
0.01468624833110814,4,1,0.9125795198029961,0.27586206896551724,0.6470588235294117,0,1,0,0,0
0.11481975967957275,2,1,0.9041145085163144,0.7931034482758621,0.8235294117647058,0,0,1,0,0
0.6982643524699599,4,1,0.26698132567207056,0.8275862068965517,1.0,1,0,0,0,1
0.7156208277703604,2,0,0.8813872357890417,0.3103448275862069,0.7647058823529411,1,0,0,0,1
0.4005340453938585,4,0,0.918581982351734,0.6551724137931034,0.29411764705882354,0,0,1,0,0
0.32309746328437916,5,0,0.2527190642314796,0.27586206896551724,0.6470588235294117,1,0,0,1,0
0.16154873164218958,5,1,0.8261337984814283,0.48275862068965514,0.29411764705882354,1,0,1,0,0
0.19492656875834444,1,0,0.14806074286886928,0.7586206896551724,0.4705882352941176,0,0,1,0,0
0.7556742323097463,3,0,0.1379027293248512,0.6896551724137931,0.1764705882352941,0,0,0,1,0
0.9999999999999999,4,0,0.20977837061358506,0.6896551724137931,0.9411764705882353,0,0,1,0,0
0.4739652870493991,1,1,0.7160886517545659,0.0,0.05882352941176472,1,0,0,1,0
0.9132176234979973,3,0,0.035296531910527396,0.034482758620689655,0.8823529411764706,1,0,0,1,0
0.9773030707610145,4,0,0.07659552636979274,0.8620689655172413,0.7647058823529411,1,0,1,0,0
0.8411214953271028,2,0,0.5685922429714755,0.6206896551724138,0.411764705882353,1,1,0,0,0
0.4112149532710281,3,0,0.8862097270675149,1.0,0.7647058823529411,0,0,0,1,0
0.9265687583444592,5,0,0.5498666119433614,0.4482758620689655,0.05882352941176472,0,0,1,0,0
0.383177570093458,1,1,0.30120049250974756,0.24137931034482757,0.8823529411764706,0,0,0,1,0
0.40854472630173566,3,1,0.23091524728093574,0.1724137931034483,0.1764705882352941,0,1,0,0,0
0.7917222963951935,3,1,0.6011697106505233,0.3793103448275862,0.0,0,1,0,0,0
0.9639519359145526,5,0,0.7162938641493947,0.8620689655172413,0.7647058823529411,1,0,0,0,1
0.8825100133511348,4,1,0.045916273342909916,0.896551724137931,0.411764705882353,0,0,0,1,0
0.7316421895861148,2,0,0.8768725631028114,0.9655172413793103,0.11764705882352938,0,0,0,1,0
0.4686248331108144,5,0,0.18946234352554894,0.48275862068965514,0.23529411764705882,0,0,1,0,0
0.4152202937249666,2,1,0.13769751693002258,0.4482758620689655,0.29411764705882354,0,0,0,1,0
0.07743658210947932,4,0,0.2963266981325672,0.6896551724137931,0.411764705882353,0,0,0,0,1
0.8571428571428571,3,0,0.7771393392160887,0.9655172413793103,0.29411764705882354,1,1,0,0,0
0.951935914552737,2,1,0.8617381489841986,0.0,0.29411764705882354,0,1,0,0,0
0.04539385847797063,1,0,0.4956392366098913,0.9310344827586207,0.1764705882352941,1,0,0,0,1
0.5927903871829105,1,1,0.21434434639852246,0.3448275862068966,0.35294117647058826,1,0,0,1,0
0.12283044058744993,5,0,0.21855120049250973,0.9310344827586207,0.35294117647058826,1,0,0,1,0
0.2750333778371161,4,1,0.12892468705109789,0.8275862068965517,0.11764705882352938,0,0,0,0,1
0.4699599465954606,5,0,0.5763390108762569,0.06896551724137931,0.411764705882353,0,0,1,0,0
0.4419225634178905,5,0,0.7234762979683973,0.6206896551724138,0.0,1,1,0,0,0
0.9666221628838451,5,1,0.3393186948491689,0.5862068965517241,0.0,1,0,0,0,1
0.2109479305740988,1,0,0.891340036938231,0.6551724137931034,0.7647058823529411,0,0,0,0,1
0.03070761014686249,1,0,0.22409193515288323,0.9310344827586207,0.29411764705882354,0,0,0,1,0
0.5380507343124166,5,0,0.9314077570285245,0.034482758620689655,0.5294117647058822,1,1,0,0,0
0.6875834445927903,1,0,0.19567001846911553,0.9655172413793103,0.7647058823529411,0,0,0,1,0
0.9759679572763685,4,0,0.08998563513236199,0.8275862068965517,0.1764705882352941,0,0,0,0,1
0.4846461949265687,5,0,0.12163964703468089,0.9310344827586207,0.29411764705882354,0,0,1,0,0
0.5086782376502003,1,1,0.13205417607223477,0.8620689655172413,0.8823529411764706,0,1,0,0,0
0.7089452603471295,2,0,0.2145495587933511,0.20689655172413793,0.0,0,0,0,0,1
0.20160213618157544,5,0,0.12287092140365277,0.24137931034482757,0.29411764705882354,1,0,0,0,1
0.7489986648865153,5,0,0.6501128668171557,0.6206896551724138,0.4705882352941176,1,0,1,0,0
0.918558077436582,4,0,0.5296531910527396,0.7241379310344828,0.8235294117647058,1,0,0,0,1
0.8104138851802403,3,1,0.5409398727683152,0.48275862068965514,0.6470588235294117,1,0,0,0,1
0.822429906542056,3,0,0.23255694643956495,0.3103448275862069,0.11764705882352938,1,1,0,0,0
0.5594125500667556,4,1,0.7488713318284425,0.7241379310344828,0.588235294117647,0,1,0,0,0
0.3324432576769025,4,0,0.470244202749846,0.9655172413793103,0.8235294117647058,0,1,0,0,0
0.1548731642189586,4,1,0.8781038374717833,0.0,0.11764705882352938,0,0,0,1,0
0.6822429906542056,3,0,0.032320952185512,0.1724137931034483,0.7647058823529411,0,0,1,0,0
0.986648865153538,4,1,0.6812025446336959,0.41379310344827586,0.05882352941176472,0,1,0,0,0
0.7703604806408544,1,0,0.7564128873383952,0.4482758620689655,0.1764705882352941,0,0,0,1,0
0.445927903871829,5,0,0.21885901908475272,0.06896551724137931,0.6470588235294117,0,0,0,1,0
0.5567423230974633,5,0,0.9892776523702032,0.3448275862068966,0.05882352941176472,1,0,1,0,0
0.39252336448598135,2,0,0.9257644161707367,0.06896551724137931,0.9411764705882353,0,0,1,0,0
0.49399198931909205,2,1,0.7859121690950134,0.6206896551724138,0.11764705882352938,0,0,0,0,1
0.24699599465954605,5,0,0.5235481223065873,0.3103448275862069,0.5294117647058822,0,0,0,1,0
0.3271028037383178,1,0,0.2867330186743279,0.896551724137931,0.8823529411764706,0,1,0,0,0
0.8491321762349799,3,1,0.8323414734249949,0.48275862068965514,0.4705882352941176,0,0,1,0,0
0.356475300400534,3,0,0.053970859839934326,0.3448275862068966,0.588235294117647,0,0,0,1,0
0.8571428571428571,1,1,0.43966755592037754,0.48275862068965514,0.8235294117647058,0,1,0,0,0
0.315086782376502,3,1,0.6965421711471372,0.8620689655172413,0.11764705882352938,1,0,0,1,0
0.706275033377837,4,0,0.9985635132361994,0.896551724137931,0.8823529411764706,1,0,1,0,0
0.7356475300400533,5,1,0.5428380874204802,0.7931034482758621,0.6470588235294117,1,0,0,0,1
0.0267022696929239,5,0,0.4106813051508311,0.41379310344827586,0.23529411764705882,0,0,0,1,0
0.9826435246995994,1,0,0.8157705725425816,0.13793103448275862,0.35294117647058826,1,1,0,0,0
0.6929238985313751,3,0,0.5018469115534578,0.10344827586206896,0.4705882352941176,0,0,1,0,0
0.1321762349799733,2,0,0.21849989739380257,0.41379310344827586,1.0,0,0,0,0,1
0.636849132176235,2,1,0.12246049661399547,0.27586206896551724,0.411764705882353,0,1,0,0,0
0.7983978638184245,3,1,0.7150112866817155,0.8275862068965517,0.6470588235294117,0,1,0,0,0
0.3965287049399199,2,0,0.5754668581982352,0.5517241379310345,0.05882352941176472,0,1,0,0,0
0.7009345794392523,1,0,0.4820952185512005,0.034482758620689655,0.5294117647058822,1,0,0,1,0
0.4445927903871829,1,1,0.027806279499281758,0.7931034482758621,0.4705882352941176,0,0,1,0,0
0.001335113484646197,3,0,0.11476503180792119,0.13793103448275862,0.411764705882353,0,1,0,0,0
0.4993324432576769,2,0,0.5416068130515083,0.5172413793103449,0.0,0,0,0,1,0
0.38985313751668893,1,0,0.1346706341063,0.20689655172413793,0.29411764705882354,0,0,1,0,0
0.7369826435246996,1,1,0.3394213010465832,0.0,0.6470588235294117,0,0,1,0,0
0.42323097463284376,4,0,0.6218448594295095,0.9310344827586207,0.9411764705882353,1,0,0,1,0
0.6688918558077436,4,1,0.3477324030371435,0.8620689655172413,0.05882352941176472,1,0,0,1,0
0.507343124165554,1,1,0.41109172994048837,0.3793103448275862,0.588235294117647,0,1,0,0,0
0.8304405874499332,3,0,0.16047609275600244,0.6896551724137931,1.0,0,0,1,0,0
0.017356475300400534,5,0,0.845372460496614,0.3448275862068966,0.588235294117647,0,0,0,0,1
0.671562082777036,5,1,0.760773650728504,0.3793103448275862,1.0,1,0,0,1,0
0.30707610146862485,1,0,0.13882618510158012,0.6206896551724138,0.411764705882353,0,0,1,0,0
0.11081441922563418,1,1,0.2767802175251385,0.8620689655172413,0.8235294117647058,0,0,1,0,0
0.17222963951935916,1,1,0.5913195156987482,0.3793103448275862,0.4705882352941176,0,1,0,0,0
0.9906542056074766,3,1,0.8638415760311923,0.3793103448275862,0.8235294117647058,1,0,0,0,1
0.19225634178905207,4,1,0.3033039195567412,0.4482758620689655,0.35294117647058826,0,1,0,0,0
0.036048064085447265,1,1,0.2239893289554689,0.034482758620689655,0.7058823529411764,1,0,0,0,1
0.08678237650200268,1,1,0.5734147342499487,0.034482758620689655,0.7058823529411764,1,0,0,0,1
0.2162883845126836,2,0,0.619433613790273,0.8275862068965517,0.0,0,0,0,1,0
0.30440587449933243,3,0,0.939821465216499,0.9655172413793103,0.1764705882352941,0,0,1,0,0
0.3471295060080106,1,0,0.7154730145700801,0.10344827586206896,0.1764705882352941,0,0,1,0,0
0.5981308411214953,2,1,0.899240714139134,0.6551724137931034,0.1764705882352941,0,0,1,0,0
0.5647530040053405,5,0,0.7091114303303919,0.7586206896551724,0.7058823529411764,1,0,0,0,1
0.6128170894526034,1,1,0.22044941514467473,0.8620689655172413,0.05882352941176472,1,0,1,0,0
0.9012016021361815,1,0,0.7242971475477119,0.5172413793103449,0.8235294117647058,0,0,0,1,0
0.4005340453938585,2,1,0.4163759491073261,0.3103448275862069,0.1764705882352941,0,0,0,0,1
0.4032042723631508,3,0,0.5517135234968192,0.41379310344827586,0.29411764705882354,0,0,0,0,1
0.3818424566088118,1,1,0.40791093782064436,0.034482758620689655,0.11764705882352938,0,0,0,0,1
